No.,Split,Source id,Crop index,Aaugmentation,Filename
1,train,0002,1,base,0002_01.jpg
2,train,0002,2,base,0002_02.jpg
3,train,0002,3,base,0002_03.jpg
4,train,0002,4,base,0002_04.jpg
5,train,0002,5,base,0002_05.jpg
6,train,0002,6,base,0002_06.jpg
7,train,0002,7,base,0002_07.jpg
8,train,0002,8,base,0002_08.jpg
9,train,0002,9,base,0002_09.jpg
10,train,0002,10,base,0002_10.jpg
11,train,0002,11,base,0002_11.jpg
12,train,0002,12,base,0002_12.jpg
13,train,0002,13,base,0002_13.jpg
14,train,0002,14,base,0002_14.jpg
15,train,0003,1,base,0003_01.jpg
16,train,0003,2,base,0003_02.jpg
17,train,0003,3,base,0003_03.jpg
18,train,0003,4,base,0003_04.jpg
19,train,0003,5,base,0003_05.jpg
20,train,0003,6,base,0003_06.jpg
21,train,0003,7,base,0003_07.jpg
22,train,0003,8,base,0003_08.jpg
23,train,0003,9,base,0003_09.jpg
24,train,0003,10,base,0003_10.jpg
25,train,0003,11,base,0003_11.jpg
26,train,0003,12,base,0003_12.jpg
27,train,0003,13,base,0003_13.jpg
28,train,0003,14,base,0003_14.jpg
29,train,0007,1,base,0007_01.jpg
30,train,0007,2,base,0007_02.jpg
31,train,0007,3,base,0007_03.jpg
32,train,0007,4,base,0007_04.jpg
33,train,0007,5,base,0007_05.jpg
34,train,0007,6,base,0007_06.jpg
35,train,0007,7,base,0007_07.jpg
36,train,0007,8,base,0007_08.jpg
37,train,0007,9,base,0007_09.jpg
38,train,0007,10,base,0007_10.jpg
39,train,0007,11,base,0007_11.jpg
40,train,0007,12,base,0007_12.jpg
41,train,0007,13,base,0007_13.jpg
42,train,0007,14,base,0007_14.jpg
43,train,0011,1,base,0011_01.jpg
44,train,0011,2,base,0011_02.jpg
45,train,0011,3,base,0011_03.jpg
46,train,0011,4,base,0011_04.jpg
47,train,0011,5,base,0011_05.jpg
48,train,0011,6,base,0011_06.jpg
49,train,0011,7,base,0011_07.jpg
50,train,0011,8,base,0011_08.jpg
51,train,0011,9,base,0011_09.jpg
52,train,0011,10,base,0011_10.jpg
53,train,0011,11,base,0011_11.jpg
54,train,0011,12,base,0011_12.jpg
55,train,0011,13,base,0011_13.jpg
56,train,0011,14,base,0011_14.jpg
57,train,0012,1,base,0012_01.jpg
58,train,0012,2,base,0012_02.jpg
59,train,0012,3,base,0012_03.jpg
60,train,0012,4,base,0012_04.jpg
61,train,0012,5,base,0012_05.jpg
62,train,0012,6,base,0012_06.jpg
63,train,0012,7,base,0012_07.jpg
64,train,0012,8,base,0012_08.jpg
65,train,0012,9,base,0012_09.jpg
66,train,0012,10,base,0012_10.jpg
67,train,0012,11,base,0012_11.jpg
68,train,0013,1,base,0013_01.jpg
69,train,0013,2,base,0013_02.jpg
70,train,0013,3,base,0013_03.jpg
71,train,0013,4,base,0013_04.jpg
72,train,0013,5,base,0013_05.jpg
73,train,0013,6,base,0013_06.jpg
74,train,0013,7,base,0013_07.jpg
75,train,0013,8,base,0013_08.jpg
76,train,0013,9,base,0013_09.jpg
77,train,0013,10,base,0013_10.jpg
78,train,0013,11,base,0013_11.jpg
79,train,0013,12,base,0013_12.jpg
80,train,0013,13,base,0013_13.jpg
81,train,0014,1,base,0014_01.jpg
82,train,0014,2,base,0014_02.jpg
83,train,0014,3,base,0014_03.jpg
84,train,0014,4,base,0014_04.jpg
85,train,0014,5,base,0014_05.jpg
86,train,0014,6,base,0014_06.jpg
87,train,0014,7,base,0014_07.jpg
88,train,0014,8,base,0014_08.jpg
89,train,0014,9,base,0014_09.jpg
90,train,0014,10,base,0014_10.jpg
91,train,0014,11,base,0014_11.jpg
92,train,0014,12,base,0014_12.jpg
93,train,0014,13,base,0014_13.jpg
94,train,0014,14,base,0014_14.jpg
95,train,0015,1,base,0015_01.jpg
96,train,0015,2,base,0015_02.jpg
97,train,0015,3,base,0015_03.jpg
98,train,0015,4,base,0015_04.jpg
99,train,0015,5,base,0015_05.jpg
100,train,0015,6,base,0015_06.jpg
101,train,0015,7,base,0015_07.jpg
102,train,0015,8,base,0015_08.jpg
103,train,0015,9,base,0015_09.jpg
104,train,0015,10,base,0015_10.jpg
105,train,0015,11,base,0015_11.jpg
106,train,0015,12,base,0015_12.jpg
107,train,0015,13,base,0015_13.jpg
108,train,0015,14,base,0015_14.jpg
109,train,0016,1,base,0016_01.jpg
110,train,0016,2,base,0016_02.jpg
111,train,0016,3,base,0016_03.jpg
112,train,0016,4,base,0016_04.jpg
113,train,0016,5,base,0016_05.jpg
114,train,0016,6,base,0016_06.jpg
115,train,0016,7,base,0016_07.jpg
116,train,0016,8,base,0016_08.jpg
117,train,0016,9,base,0016_09.jpg
118,train,0016,10,base,0016_10.jpg
119,train,0016,11,base,0016_11.jpg
120,train,0016,12,base,0016_12.jpg
121,train,0016,13,base,0016_13.jpg
122,train,0016,14,base,0016_14.jpg
123,train,0018,1,base,0018_01.jpg
124,train,0018,2,base,0018_02.jpg
125,train,0018,3,base,0018_03.jpg
126,train,0018,4,base,0018_04.jpg
127,train,0018,5,base,0018_05.jpg
128,train,0018,6,base,0018_06.jpg
129,train,0018,7,base,0018_07.jpg
130,train,0018,8,base,0018_08.jpg
131,train,0018,9,base,0018_09.jpg
132,train,0018,10,base,0018_10.jpg
133,train,0018,11,base,0018_11.jpg
134,train,0018,12,base,0018_12.jpg
135,train,0018,13,base,0018_13.jpg
136,train,0018,14,base,0018_14.jpg
137,train,0020,1,base,0020_01.jpg
138,train,0020,2,base,0020_02.jpg
139,train,0020,3,base,0020_03.jpg
140,train,0020,4,base,0020_04.jpg
141,train,0020,5,base,0020_05.jpg
142,train,0020,6,base,0020_06.jpg
143,train,0020,7,base,0020_07.jpg
144,train,0020,8,base,0020_08.jpg
145,train,0020,9,base,0020_09.jpg
146,train,0020,10,base,0020_10.jpg
147,train,0020,11,base,0020_11.jpg
148,train,0020,12,base,0020_12.jpg
149,train,0020,13,base,0020_13.jpg
150,train,0020,14,base,0020_14.jpg
151,train,0021,1,base,0021_01.jpg
152,train,0021,2,base,0021_02.jpg
153,train,0021,3,base,0021_03.jpg
154,train,0021,4,base,0021_04.jpg
155,train,0021,5,base,0021_05.jpg
156,train,0021,6,base,0021_06.jpg
157,train,0021,7,base,0021_07.jpg
158,train,0021,8,base,0021_08.jpg
159,train,0021,9,base,0021_09.jpg
160,train,0021,10,base,0021_10.jpg
161,train,0021,11,base,0021_11.jpg
162,train,0021,12,base,0021_12.jpg
163,train,0021,13,base,0021_13.jpg
164,train,0021,14,base,0021_14.jpg
165,train,0023,1,base,0023_01.jpg
166,train,0023,2,base,0023_02.jpg
167,train,0023,3,base,0023_03.jpg
168,train,0023,4,base,0023_04.jpg
169,train,0023,5,base,0023_05.jpg
170,train,0023,6,base,0023_06.jpg
171,train,0023,7,base,0023_07.jpg
172,train,0023,8,base,0023_08.jpg
173,train,0023,9,base,0023_09.jpg
174,train,0023,10,base,0023_10.jpg
175,train,0023,11,base,0023_11.jpg
176,train,0023,12,base,0023_12.jpg
177,train,0023,13,base,0023_13.jpg
178,train,0023,14,base,0023_14.jpg
179,train,0024,1,base,0024_01.jpg
180,train,0024,2,base,0024_02.jpg
181,train,0024,3,base,0024_03.jpg
182,train,0024,4,base,0024_04.jpg
183,train,0024,5,base,0024_05.jpg
184,train,0024,6,base,0024_06.jpg
185,train,0024,7,base,0024_07.jpg
186,train,0024,8,base,0024_08.jpg
187,train,0024,9,base,0024_09.jpg
188,train,0024,10,base,0024_10.jpg
189,train,0024,11,base,0024_11.jpg
190,train,0024,12,base,0024_12.jpg
191,train,0024,13,base,0024_13.jpg
192,train,0024,14,base,0024_14.jpg
193,train,0026,1,base,0026_01.jpg
194,train,0026,2,base,0026_02.jpg
195,train,0026,3,base,0026_03.jpg
196,train,0026,4,base,0026_04.jpg
197,train,0026,5,base,0026_05.jpg
198,train,0026,6,base,0026_06.jpg
199,train,0026,7,base,0026_07.jpg
200,train,0026,8,base,0026_08.jpg
201,train,0026,9,base,0026_09.jpg
202,train,0026,10,base,0026_10.jpg
203,train,0026,11,base,0026_11.jpg
204,train,0026,12,base,0026_12.jpg
205,train,0026,13,base,0026_13.jpg
206,train,0026,14,base,0026_14.jpg
207,train,0027,1,base,0027_01.jpg
208,train,0027,2,base,0027_02.jpg
209,train,0027,3,base,0027_03.jpg
210,train,0027,4,base,0027_04.jpg
211,train,0027,5,base,0027_05.jpg
212,train,0027,6,base,0027_06.jpg
213,train,0027,7,base,0027_07.jpg
214,train,0027,8,base,0027_08.jpg
215,train,0027,9,base,0027_09.jpg
216,train,0027,10,base,0027_10.jpg
217,train,0027,11,base,0027_11.jpg
218,train,0027,12,base,0027_12.jpg
219,train,0027,13,base,0027_13.jpg
220,train,0027,14,base,0027_14.jpg
221,train,0028,1,base,0028_01.jpg
222,train,0028,2,base,0028_02.jpg
223,train,0028,3,base,0028_03.jpg
224,train,0028,4,base,0028_04.jpg
225,train,0028,5,base,0028_05.jpg
226,train,0028,6,base,0028_06.jpg
227,train,0028,7,base,0028_07.jpg
228,train,0028,8,base,0028_08.jpg
229,train,0028,9,base,0028_09.jpg
230,train,0028,10,base,0028_10.jpg
231,train,0028,11,base,0028_11.jpg
232,train,0028,12,base,0028_12.jpg
233,train,0028,13,base,0028_13.jpg
234,train,0028,14,base,0028_14.jpg
235,train,0029,1,base,0029_01.jpg
236,train,0029,2,base,0029_02.jpg
237,train,0029,3,base,0029_03.jpg
238,train,0029,4,base,0029_04.jpg
239,train,0029,5,base,0029_05.jpg
240,train,0029,6,base,0029_06.jpg
241,train,0029,7,base,0029_07.jpg
242,train,0029,8,base,0029_08.jpg
243,train,0029,9,base,0029_09.jpg
244,train,0029,10,base,0029_10.jpg
245,train,0029,11,base,0029_11.jpg
246,train,0029,12,base,0029_12.jpg
247,train,0029,13,base,0029_13.jpg
248,train,0029,14,base,0029_14.jpg
249,train,0031,1,base,0031_01.jpg
250,train,0031,2,base,0031_02.jpg
251,train,0031,3,base,0031_03.jpg
252,train,0031,4,base,0031_04.jpg
253,train,0031,5,base,0031_05.jpg
254,train,0031,6,base,0031_06.jpg
255,train,0031,7,base,0031_07.jpg
256,train,0031,8,base,0031_08.jpg
257,train,0031,9,base,0031_09.jpg
258,train,0031,10,base,0031_10.jpg
259,train,0031,11,base,0031_11.jpg
260,train,0031,12,base,0031_12.jpg
261,train,0031,13,base,0031_13.jpg
262,train,0031,14,base,0031_14.jpg
263,train,0033,1,base,0033_01.jpg
264,train,0033,2,base,0033_02.jpg
265,train,0033,3,base,0033_03.jpg
266,train,0033,4,base,0033_04.jpg
267,train,0033,5,base,0033_05.jpg
268,train,0033,6,base,0033_06.jpg
269,train,0033,7,base,0033_07.jpg
270,train,0033,8,base,0033_08.jpg
271,train,0033,9,base,0033_09.jpg
272,train,0033,10,base,0033_10.jpg
273,train,0033,11,base,0033_11.jpg
274,train,0033,12,base,0033_12.jpg
275,train,0033,13,base,0033_13.jpg
276,train,0033,14,base,0033_14.jpg
277,train,0037,1,base,0037_01.jpg
278,train,0037,2,base,0037_02.jpg
279,train,0037,3,base,0037_03.jpg
280,train,0037,4,base,0037_04.jpg
281,train,0037,5,base,0037_05.jpg
282,train,0037,6,base,0037_06.jpg
283,train,0037,7,base,0037_07.jpg
284,train,0037,8,base,0037_08.jpg
285,train,0037,9,base,0037_09.jpg
286,train,0037,10,base,0037_10.jpg
287,train,0037,11,base,0037_11.jpg
288,train,0037,12,base,0037_12.jpg
289,train,0037,13,base,0037_13.jpg
290,train,0037,14,base,0037_14.jpg
291,train,0040,1,base,0040_01.jpg
292,train,0040,2,base,0040_02.jpg
293,train,0040,3,base,0040_03.jpg
294,train,0040,4,base,0040_04.jpg
295,train,0040,5,base,0040_05.jpg
296,train,0040,6,base,0040_06.jpg
297,train,0040,7,base,0040_07.jpg
298,train,0040,8,base,0040_08.jpg
299,train,0040,9,base,0040_09.jpg
300,train,0040,10,base,0040_10.jpg
301,train,0040,11,base,0040_11.jpg
302,train,0040,12,base,0040_12.jpg
303,train,0040,13,base,0040_13.jpg
304,train,0040,14,base,0040_14.jpg
305,train,0041,1,base,0041_01.jpg
306,train,0041,2,base,0041_02.jpg
307,train,0041,3,base,0041_03.jpg
308,train,0041,4,base,0041_04.jpg
309,train,0041,5,base,0041_05.jpg
310,train,0041,6,base,0041_06.jpg
311,train,0041,7,base,0041_07.jpg
312,train,0041,8,base,0041_08.jpg
313,train,0041,9,base,0041_09.jpg
314,train,0041,10,base,0041_10.jpg
315,train,0041,11,base,0041_11.jpg
316,train,0041,12,base,0041_12.jpg
317,train,0041,13,base,0041_13.jpg
318,train,0041,14,base,0041_14.jpg
319,train,0042,1,base,0042_01.jpg
320,train,0042,2,base,0042_02.jpg
321,train,0042,3,base,0042_03.jpg
322,train,0042,4,base,0042_04.jpg
323,train,0042,5,base,0042_05.jpg
324,train,0042,6,base,0042_06.jpg
325,train,0042,7,base,0042_07.jpg
326,train,0042,8,base,0042_08.jpg
327,train,0042,9,base,0042_09.jpg
328,train,0042,10,base,0042_10.jpg
329,train,0042,11,base,0042_11.jpg
330,train,0042,12,base,0042_12.jpg
331,train,0042,13,base,0042_13.jpg
332,train,0042,14,base,0042_14.jpg
333,train,0043,1,base,0043_01.jpg
334,train,0043,2,base,0043_02.jpg
335,train,0043,3,base,0043_03.jpg
336,train,0043,4,base,0043_04.jpg
337,train,0043,5,base,0043_05.jpg
338,train,0043,6,base,0043_06.jpg
339,train,0043,7,base,0043_07.jpg
340,train,0043,8,base,0043_08.jpg
341,train,0043,9,base,0043_09.jpg
342,train,0043,10,base,0043_10.jpg
343,train,0043,11,base,0043_11.jpg
344,train,0043,12,base,0043_12.jpg
345,train,0043,13,base,0043_13.jpg
346,train,0043,14,base,0043_14.jpg
347,train,0044,1,base,0044_01.jpg
348,train,0044,2,base,0044_02.jpg
349,train,0044,3,base,0044_03.jpg
350,train,0044,4,base,0044_04.jpg
351,train,0044,5,base,0044_05.jpg
352,train,0044,6,base,0044_06.jpg
353,train,0044,7,base,0044_07.jpg
354,train,0044,8,base,0044_08.jpg
355,train,0044,9,base,0044_09.jpg
356,train,0044,10,base,0044_10.jpg
357,train,0044,11,base,0044_11.jpg
358,train,0044,12,base,0044_12.jpg
359,train,0044,13,base,0044_13.jpg
360,train,0044,14,base,0044_14.jpg
361,train,0045,1,base,0045_01.jpg
362,train,0045,2,base,0045_02.jpg
363,train,0045,3,base,0045_03.jpg
364,train,0045,4,base,0045_04.jpg
365,train,0045,5,base,0045_05.jpg
366,train,0045,6,base,0045_06.jpg
367,train,0045,7,base,0045_07.jpg
368,train,0045,8,base,0045_08.jpg
369,train,0045,9,base,0045_09.jpg
370,train,0045,10,base,0045_10.jpg
371,train,0045,11,base,0045_11.jpg
372,train,0045,12,base,0045_12.jpg
373,train,0045,13,base,0045_13.jpg
374,train,0045,14,base,0045_14.jpg
375,train,0046,1,base,0046_01.jpg
376,train,0046,2,base,0046_02.jpg
377,train,0046,3,base,0046_03.jpg
378,train,0046,4,base,0046_04.jpg
379,train,0046,5,base,0046_05.jpg
380,train,0046,6,base,0046_06.jpg
381,train,0046,7,base,0046_07.jpg
382,train,0046,8,base,0046_08.jpg
383,train,0046,9,base,0046_09.jpg
384,train,0046,10,base,0046_10.jpg
385,train,0046,11,base,0046_11.jpg
386,train,0046,12,base,0046_12.jpg
387,train,0046,13,base,0046_13.jpg
388,train,0046,14,base,0046_14.jpg
389,train,0050,1,base,0050_01.jpg
390,train,0050,2,base,0050_02.jpg
391,train,0050,3,base,0050_03.jpg
392,train,0050,4,base,0050_04.jpg
393,train,0050,5,base,0050_05.jpg
394,train,0050,6,base,0050_06.jpg
395,train,0050,7,base,0050_07.jpg
396,train,0050,8,base,0050_08.jpg
397,train,0050,9,base,0050_09.jpg
398,train,0050,10,base,0050_10.jpg
399,train,0050,11,base,0050_11.jpg
400,train,0050,12,base,0050_12.jpg
401,train,0050,13,base,0050_13.jpg
402,train,0050,14,base,0050_14.jpg
403,train,0054,1,base,0054_01.jpg
404,train,0054,2,base,0054_02.jpg
405,train,0054,3,base,0054_03.jpg
406,train,0054,4,base,0054_04.jpg
407,train,0054,5,base,0054_05.jpg
408,train,0054,6,base,0054_06.jpg
409,train,0054,7,base,0054_07.jpg
410,train,0054,8,base,0054_08.jpg
411,train,0054,9,base,0054_09.jpg
412,train,0054,10,base,0054_10.jpg
413,train,0054,11,base,0054_11.jpg
414,train,0054,12,base,0054_12.jpg
415,train,0054,13,base,0054_13.jpg
416,train,0054,14,base,0054_14.jpg
417,train,0056,1,base,0056_01.jpg
418,train,0056,2,base,0056_02.jpg
419,train,0056,3,base,0056_03.jpg
420,train,0056,4,base,0056_04.jpg
421,train,0056,5,base,0056_05.jpg
422,train,0056,6,base,0056_06.jpg
423,train,0056,7,base,0056_07.jpg
424,train,0056,8,base,0056_08.jpg
425,train,0056,9,base,0056_09.jpg
426,train,0056,10,base,0056_10.jpg
427,train,0056,11,base,0056_11.jpg
428,train,0056,12,base,0056_12.jpg
429,train,0056,13,base,0056_13.jpg
430,train,0056,14,base,0056_14.jpg
431,train,0057,1,base,0057_01.jpg
432,train,0057,2,base,0057_02.jpg
433,train,0057,3,base,0057_03.jpg
434,train,0057,4,base,0057_04.jpg
435,train,0057,5,base,0057_05.jpg
436,train,0057,6,base,0057_06.jpg
437,train,0057,7,base,0057_07.jpg
438,train,0057,8,base,0057_08.jpg
439,train,0057,9,base,0057_09.jpg
440,train,0057,10,base,0057_10.jpg
441,train,0057,11,base,0057_11.jpg
442,train,0057,12,base,0057_12.jpg
443,train,0057,13,base,0057_13.jpg
444,train,0057,14,base,0057_14.jpg
445,train,0058,1,base,0058_01.jpg
446,train,0058,2,base,0058_02.jpg
447,train,0058,3,base,0058_03.jpg
448,train,0058,4,base,0058_04.jpg
449,train,0058,5,base,0058_05.jpg
450,train,0058,6,base,0058_06.jpg
451,train,0058,7,base,0058_07.jpg
452,train,0058,8,base,0058_08.jpg
453,train,0058,9,base,0058_09.jpg
454,train,0058,10,base,0058_10.jpg
455,train,0058,11,base,0058_11.jpg
456,train,0058,12,base,0058_12.jpg
457,train,0058,13,base,0058_13.jpg
458,train,0058,14,base,0058_14.jpg
459,train,0064,1,base,0064_01.jpg
460,train,0064,2,base,0064_02.jpg
461,train,0064,3,base,0064_03.jpg
462,train,0064,4,base,0064_04.jpg
463,train,0064,5,base,0064_05.jpg
464,train,0064,6,base,0064_06.jpg
465,train,0064,7,base,0064_07.jpg
466,train,0064,8,base,0064_08.jpg
467,train,0064,9,base,0064_09.jpg
468,train,0064,10,base,0064_10.jpg
469,train,0064,11,base,0064_11.jpg
470,train,0064,12,base,0064_12.jpg
471,train,0069,1,base,0069_01.jpg
472,train,0069,2,base,0069_02.jpg
473,train,0069,3,base,0069_03.jpg
474,train,0069,4,base,0069_04.jpg
475,train,0069,5,base,0069_05.jpg
476,train,0069,6,base,0069_06.jpg
477,train,0069,7,base,0069_07.jpg
478,train,0069,8,base,0069_08.jpg
479,train,0069,9,base,0069_09.jpg
480,train,0069,10,base,0069_10.jpg
481,train,0069,11,base,0069_11.jpg
482,train,0069,12,base,0069_12.jpg
483,train,0069,13,base,0069_13.jpg
484,train,0069,14,base,0069_14.jpg
485,train,0069,15,base,0069_15.jpg
486,train,0069,16,base,0069_16.jpg
487,train,0069,17,base,0069_17.jpg
488,train,0069,18,base,0069_18.jpg
489,train,0069,19,base,0069_19.jpg
490,train,0069,20,base,0069_20.jpg
491,train,0069,21,base,0069_21.jpg
492,train,0069,22,base,0069_22.jpg
493,train,0069,23,base,0069_23.jpg
494,train,0070,1,base,0070_01.jpg
495,train,0070,2,base,0070_02.jpg
496,train,0070,3,base,0070_03.jpg
497,train,0070,4,base,0070_04.jpg
498,train,0070,5,base,0070_05.jpg
499,train,0070,6,base,0070_06.jpg
500,train,0070,7,base,0070_07.jpg
501,train,0070,8,base,0070_08.jpg
502,train,0070,9,base,0070_09.jpg
503,train,0070,10,base,0070_10.jpg
504,train,0070,11,base,0070_11.jpg
505,train,0070,12,base,0070_12.jpg
506,train,0070,13,base,0070_13.jpg
507,train,0070,14,base,0070_14.jpg
508,train,0070,15,base,0070_15.jpg
509,train,0070,16,base,0070_16.jpg
510,train,0070,17,base,0070_17.jpg
511,train,0070,18,base,0070_18.jpg
512,train,0070,19,base,0070_19.jpg
513,train,0070,20,base,0070_20.jpg
514,train,0070,21,base,0070_21.jpg
515,train,0070,22,base,0070_22.jpg
516,train,0070,23,base,0070_23.jpg
517,train,0071,1,base,0071_01.jpg
518,train,0071,2,base,0071_02.jpg
519,train,0071,3,base,0071_03.jpg
520,train,0071,4,base,0071_04.jpg
521,train,0071,5,base,0071_05.jpg
522,train,0071,6,base,0071_06.jpg
523,train,0071,7,base,0071_07.jpg
524,train,0071,8,base,0071_08.jpg
525,train,0071,9,base,0071_09.jpg
526,train,0071,10,base,0071_10.jpg
527,train,0071,11,base,0071_11.jpg
528,train,0071,12,base,0071_12.jpg
529,train,0071,13,base,0071_13.jpg
530,train,0071,14,base,0071_14.jpg
531,train,0071,15,base,0071_15.jpg
532,train,0071,16,base,0071_16.jpg
533,train,0071,17,base,0071_17.jpg
534,train,0071,18,base,0071_18.jpg
535,train,0071,19,base,0071_19.jpg
536,train,0071,20,base,0071_20.jpg
537,train,0071,21,base,0071_21.jpg
538,train,0071,22,base,0071_22.jpg
539,train,0071,23,base,0071_23.jpg
540,train,0072,1,base,0072_01.jpg
541,train,0072,2,base,0072_02.jpg
542,train,0072,3,base,0072_03.jpg
543,train,0072,4,base,0072_04.jpg
544,train,0072,5,base,0072_05.jpg
545,train,0072,6,base,0072_06.jpg
546,train,0072,7,base,0072_07.jpg
547,train,0072,8,base,0072_08.jpg
548,train,0072,9,base,0072_09.jpg
549,train,0072,10,base,0072_10.jpg
550,train,0072,11,base,0072_11.jpg
551,train,0072,12,base,0072_12.jpg
552,train,0072,13,base,0072_13.jpg
553,train,0072,14,base,0072_14.jpg
554,train,0072,15,base,0072_15.jpg
555,train,0072,16,base,0072_16.jpg
556,train,0072,17,base,0072_17.jpg
557,train,0072,18,base,0072_18.jpg
558,train,0072,19,base,0072_19.jpg
559,train,0072,20,base,0072_20.jpg
560,train,0072,21,base,0072_21.jpg
561,train,0072,22,base,0072_22.jpg
562,train,0072,23,base,0072_23.jpg
563,train,0073,1,base,0073_01.jpg
564,train,0073,2,base,0073_02.jpg
565,train,0073,3,base,0073_03.jpg
566,train,0073,4,base,0073_04.jpg
567,train,0073,5,base,0073_05.jpg
568,train,0073,6,base,0073_06.jpg
569,train,0073,7,base,0073_07.jpg
570,train,0073,8,base,0073_08.jpg
571,train,0073,9,base,0073_09.jpg
572,train,0073,10,base,0073_10.jpg
573,train,0073,11,base,0073_11.jpg
574,train,0073,12,base,0073_12.jpg
575,train,0073,13,base,0073_13.jpg
576,train,0073,14,base,0073_14.jpg
577,train,0073,15,base,0073_15.jpg
578,train,0073,16,base,0073_16.jpg
579,train,0073,17,base,0073_17.jpg
580,train,0073,18,base,0073_18.jpg
581,train,0073,19,base,0073_19.jpg
582,train,0073,20,base,0073_20.jpg
583,train,0073,21,base,0073_21.jpg
584,train,0073,22,base,0073_22.jpg
585,train,0073,23,base,0073_23.jpg
586,train,0074,1,base,0074_01.jpg
587,train,0074,2,base,0074_02.jpg
588,train,0074,3,base,0074_03.jpg
589,train,0074,4,base,0074_04.jpg
590,train,0074,5,base,0074_05.jpg
591,train,0074,6,base,0074_06.jpg
592,train,0074,7,base,0074_07.jpg
593,train,0074,8,base,0074_08.jpg
594,train,0074,9,base,0074_09.jpg
595,train,0074,10,base,0074_10.jpg
596,train,0074,11,base,0074_11.jpg
597,train,0074,12,base,0074_12.jpg
598,train,0074,13,base,0074_13.jpg
599,train,0074,14,base,0074_14.jpg
600,train,0074,15,base,0074_15.jpg
601,train,0074,16,base,0074_16.jpg
602,train,0074,17,base,0074_17.jpg
603,train,0074,18,base,0074_18.jpg
604,train,0074,19,base,0074_19.jpg
605,train,0074,20,base,0074_20.jpg
606,train,0074,21,base,0074_21.jpg
607,train,0074,22,base,0074_22.jpg
608,train,0074,23,base,0074_23.jpg
609,train,0074,24,base,0074_24.jpg
610,train,0075,1,base,0075_01.jpg
611,train,0075,2,base,0075_02.jpg
612,train,0075,3,base,0075_03.jpg
613,train,0075,4,base,0075_04.jpg
614,train,0075,5,base,0075_05.jpg
615,train,0075,6,base,0075_06.jpg
616,train,0075,7,base,0075_07.jpg
617,train,0075,8,base,0075_08.jpg
618,train,0075,9,base,0075_09.jpg
619,train,0075,10,base,0075_10.jpg
620,train,0075,11,base,0075_11.jpg
621,train,0075,12,base,0075_12.jpg
622,train,0075,13,base,0075_13.jpg
623,train,0075,14,base,0075_14.jpg
624,train,0075,15,base,0075_15.jpg
625,train,0075,16,base,0075_16.jpg
626,train,0075,17,base,0075_17.jpg
627,train,0075,18,base,0075_18.jpg
628,train,0075,19,base,0075_19.jpg
629,train,0075,20,base,0075_20.jpg
630,train,0075,21,base,0075_21.jpg
631,train,0075,22,base,0075_22.jpg
632,train,0075,23,base,0075_23.jpg
633,train,0075,24,base,0075_24.jpg
634,train,0076,1,base,0076_01.jpg
635,train,0076,2,base,0076_02.jpg
636,train,0076,3,base,0076_03.jpg
637,train,0076,4,base,0076_04.jpg
638,train,0076,5,base,0076_05.jpg
639,train,0076,6,base,0076_06.jpg
640,train,0076,7,base,0076_07.jpg
641,train,0076,8,base,0076_08.jpg
642,train,0076,9,base,0076_09.jpg
643,train,0076,10,base,0076_10.jpg
644,train,0076,11,base,0076_11.jpg
645,train,0076,12,base,0076_12.jpg
646,train,0076,13,base,0076_13.jpg
647,train,0076,14,base,0076_14.jpg
648,train,0076,15,base,0076_15.jpg
649,train,0076,16,base,0076_16.jpg
650,train,0076,17,base,0076_17.jpg
651,train,0076,18,base,0076_18.jpg
652,train,0076,19,base,0076_19.jpg
653,train,0076,20,base,0076_20.jpg
654,train,0076,21,base,0076_21.jpg
655,train,0076,22,base,0076_22.jpg
656,train,0076,23,base,0076_23.jpg
657,train,0076,24,base,0076_24.jpg
658,train,0077,1,base,0077_01.jpg
659,train,0077,2,base,0077_02.jpg
660,train,0077,3,base,0077_03.jpg
661,train,0077,4,base,0077_04.jpg
662,train,0077,5,base,0077_05.jpg
663,train,0077,6,base,0077_06.jpg
664,train,0077,7,base,0077_07.jpg
665,train,0077,8,base,0077_08.jpg
666,train,0077,9,base,0077_09.jpg
667,train,0077,10,base,0077_10.jpg
668,train,0077,11,base,0077_11.jpg
669,train,0077,12,base,0077_12.jpg
670,train,0077,13,base,0077_13.jpg
671,train,0077,14,base,0077_14.jpg
672,train,0077,15,base,0077_15.jpg
673,train,0077,16,base,0077_16.jpg
674,train,0077,17,base,0077_17.jpg
675,train,0077,18,base,0077_18.jpg
676,train,0077,19,base,0077_19.jpg
677,train,0077,20,base,0077_20.jpg
678,train,0077,21,base,0077_21.jpg
679,train,0077,22,base,0077_22.jpg
680,train,0077,23,base,0077_23.jpg
681,train,0077,24,base,0077_24.jpg
682,train,0078,1,base,0078_01.jpg
683,train,0078,2,base,0078_02.jpg
684,train,0078,3,base,0078_03.jpg
685,train,0078,4,base,0078_04.jpg
686,train,0078,5,base,0078_05.jpg
687,train,0078,6,base,0078_06.jpg
688,train,0078,7,base,0078_07.jpg
689,train,0078,8,base,0078_08.jpg
690,train,0078,9,base,0078_09.jpg
691,train,0078,10,base,0078_10.jpg
692,train,0078,11,base,0078_11.jpg
693,train,0078,12,base,0078_12.jpg
694,train,0078,13,base,0078_13.jpg
695,train,0078,14,base,0078_14.jpg
696,train,0078,15,base,0078_15.jpg
697,train,0078,16,base,0078_16.jpg
698,train,0078,17,base,0078_17.jpg
699,train,0078,18,base,0078_18.jpg
700,train,0078,19,base,0078_19.jpg
701,train,0078,20,base,0078_20.jpg
702,train,0078,21,base,0078_21.jpg
703,train,0078,22,base,0078_22.jpg
704,train,0078,23,base,0078_23.jpg
705,train,0079,1,base,0079_01.jpg
706,train,0079,2,base,0079_02.jpg
707,train,0079,3,base,0079_03.jpg
708,train,0079,4,base,0079_04.jpg
709,train,0079,5,base,0079_05.jpg
710,train,0079,6,base,0079_06.jpg
711,train,0079,7,base,0079_07.jpg
712,train,0079,8,base,0079_08.jpg
713,train,0079,9,base,0079_09.jpg
714,train,0079,10,base,0079_10.jpg
715,train,0079,11,base,0079_11.jpg
716,train,0079,12,base,0079_12.jpg
717,train,0079,13,base,0079_13.jpg
718,train,0079,14,base,0079_14.jpg
719,train,0079,15,base,0079_15.jpg
720,train,0079,16,base,0079_16.jpg
721,train,0079,17,base,0079_17.jpg
722,train,0079,18,base,0079_18.jpg
723,train,0079,19,base,0079_19.jpg
724,train,0079,20,base,0079_20.jpg
725,train,0079,21,base,0079_21.jpg
726,train,0079,22,base,0079_22.jpg
727,train,0079,23,base,0079_23.jpg
728,train,0080,1,base,0080_01.jpg
729,train,0080,2,base,0080_02.jpg
730,train,0080,3,base,0080_03.jpg
731,train,0080,4,base,0080_04.jpg
732,train,0080,5,base,0080_05.jpg
733,train,0080,6,base,0080_06.jpg
734,train,0080,7,base,0080_07.jpg
735,train,0080,8,base,0080_08.jpg
736,train,0080,9,base,0080_09.jpg
737,train,0080,10,base,0080_10.jpg
738,train,0080,11,base,0080_11.jpg
739,train,0080,12,base,0080_12.jpg
740,train,0080,13,base,0080_13.jpg
741,train,0080,14,base,0080_14.jpg
742,train,0080,15,base,0080_15.jpg
743,train,0080,16,base,0080_16.jpg
744,train,0080,17,base,0080_17.jpg
745,train,0080,18,base,0080_18.jpg
746,train,0080,19,base,0080_19.jpg
747,train,0080,20,base,0080_20.jpg
748,train,0080,21,base,0080_21.jpg
749,train,0080,22,base,0080_22.jpg
750,train,0080,23,base,0080_23.jpg
751,train,0081,1,base,0081_01.jpg
752,train,0081,2,base,0081_02.jpg
753,train,0081,3,base,0081_03.jpg
754,train,0081,4,base,0081_04.jpg
755,train,0081,5,base,0081_05.jpg
756,train,0081,6,base,0081_06.jpg
757,train,0081,7,base,0081_07.jpg
758,train,0081,8,base,0081_08.jpg
759,train,0081,9,base,0081_09.jpg
760,train,0081,10,base,0081_10.jpg
761,train,0081,11,base,0081_11.jpg
762,train,0081,12,base,0081_12.jpg
763,train,0081,13,base,0081_13.jpg
764,train,0081,14,base,0081_14.jpg
765,train,0081,15,base,0081_15.jpg
766,train,0081,16,base,0081_16.jpg
767,train,0081,17,base,0081_17.jpg
768,train,0081,18,base,0081_18.jpg
769,train,0081,19,base,0081_19.jpg
770,train,0081,20,base,0081_20.jpg
771,train,0081,21,base,0081_21.jpg
772,train,0081,22,base,0081_22.jpg
773,train,0081,23,base,0081_23.jpg
774,train,0082,1,base,0082_01.jpg
775,train,0082,2,base,0082_02.jpg
776,train,0082,3,base,0082_03.jpg
777,train,0082,4,base,0082_04.jpg
778,train,0082,5,base,0082_05.jpg
779,train,0082,6,base,0082_06.jpg
780,train,0082,7,base,0082_07.jpg
781,train,0082,8,base,0082_08.jpg
782,train,0082,9,base,0082_09.jpg
783,train,0082,10,base,0082_10.jpg
784,train,0082,11,base,0082_11.jpg
785,train,0082,12,base,0082_12.jpg
786,train,0082,13,base,0082_13.jpg
787,train,0082,14,base,0082_14.jpg
788,train,0082,15,base,0082_15.jpg
789,train,0082,16,base,0082_16.jpg
790,train,0082,17,base,0082_17.jpg
791,train,0082,18,base,0082_18.jpg
792,train,0082,19,base,0082_19.jpg
793,train,0082,20,base,0082_20.jpg
794,train,0082,21,base,0082_21.jpg
795,train,0082,22,base,0082_22.jpg
796,train,0082,23,base,0082_23.jpg
797,train,0083,1,base,0083_01.jpg
798,train,0083,2,base,0083_02.jpg
799,train,0083,3,base,0083_03.jpg
800,train,0083,4,base,0083_04.jpg
801,train,0083,5,base,0083_05.jpg
802,train,0083,6,base,0083_06.jpg
803,train,0083,7,base,0083_07.jpg
804,train,0083,8,base,0083_08.jpg
805,train,0083,9,base,0083_09.jpg
806,train,0083,10,base,0083_10.jpg
807,train,0083,11,base,0083_11.jpg
808,train,0083,12,base,0083_12.jpg
809,train,0083,13,base,0083_13.jpg
810,train,0083,14,base,0083_14.jpg
811,train,0083,15,base,0083_15.jpg
812,train,0083,16,base,0083_16.jpg
813,train,0083,17,base,0083_17.jpg
814,train,0083,18,base,0083_18.jpg
815,train,0083,19,base,0083_19.jpg
816,train,0083,20,base,0083_20.jpg
817,train,0083,21,base,0083_21.jpg
818,train,0083,22,base,0083_22.jpg
819,train,0083,23,base,0083_23.jpg
820,train,0084,1,base,0084_01.jpg
821,train,0084,2,base,0084_02.jpg
822,train,0084,3,base,0084_03.jpg
823,train,0084,4,base,0084_04.jpg
824,train,0084,5,base,0084_05.jpg
825,train,0084,6,base,0084_06.jpg
826,train,0084,7,base,0084_07.jpg
827,train,0084,8,base,0084_08.jpg
828,train,0084,9,base,0084_09.jpg
829,train,0084,10,base,0084_10.jpg
830,train,0084,11,base,0084_11.jpg
831,train,0084,12,base,0084_12.jpg
832,train,0084,13,base,0084_13.jpg
833,train,0084,14,base,0084_14.jpg
834,train,0084,15,base,0084_15.jpg
835,train,0084,16,base,0084_16.jpg
836,train,0084,17,base,0084_17.jpg
837,train,0084,18,base,0084_18.jpg
838,train,0084,19,base,0084_19.jpg
839,train,0084,20,base,0084_20.jpg
840,train,0084,21,base,0084_21.jpg
841,train,0084,22,base,0084_22.jpg
842,train,0084,23,base,0084_23.jpg
843,train,0085,1,base,0085_01.jpg
844,train,0085,2,base,0085_02.jpg
845,train,0085,3,base,0085_03.jpg
846,train,0085,4,base,0085_04.jpg
847,train,0085,5,base,0085_05.jpg
848,train,0085,6,base,0085_06.jpg
849,train,0085,7,base,0085_07.jpg
850,train,0085,8,base,0085_08.jpg
851,train,0085,9,base,0085_09.jpg
852,train,0085,10,base,0085_10.jpg
853,train,0085,11,base,0085_11.jpg
854,train,0085,12,base,0085_12.jpg
855,train,0085,13,base,0085_13.jpg
856,train,0085,14,base,0085_14.jpg
857,train,0085,15,base,0085_15.jpg
858,train,0085,16,base,0085_16.jpg
859,train,0085,17,base,0085_17.jpg
860,train,0085,18,base,0085_18.jpg
861,train,0085,19,base,0085_19.jpg
862,train,0085,20,base,0085_20.jpg
863,train,0085,21,base,0085_21.jpg
864,train,0085,22,base,0085_22.jpg
865,train,0085,23,base,0085_23.jpg
866,val,0006,1,base,0006_01.jpg
867,val,0006,2,base,0006_02.jpg
868,val,0006,3,base,0006_03.jpg
869,val,0006,4,base,0006_04.jpg
870,val,0006,5,base,0006_05.jpg
871,val,0006,6,base,0006_06.jpg
872,val,0006,7,base,0006_07.jpg
873,val,0006,8,base,0006_08.jpg
874,val,0006,9,base,0006_09.jpg
875,val,0006,10,base,0006_10.jpg
876,val,0006,11,base,0006_11.jpg
877,val,0006,12,base,0006_12.jpg
878,val,0006,13,base,0006_13.jpg
879,val,0006,14,base,0006_14.jpg
880,val,0008,1,base,0008_01.jpg
881,val,0008,2,base,0008_02.jpg
882,val,0008,3,base,0008_03.jpg
883,val,0008,4,base,0008_04.jpg
884,val,0008,5,base,0008_05.jpg
885,val,0008,6,base,0008_06.jpg
886,val,0008,7,base,0008_07.jpg
887,val,0008,8,base,0008_08.jpg
888,val,0008,9,base,0008_09.jpg
889,val,0008,10,base,0008_10.jpg
890,val,0008,11,base,0008_11.jpg
891,val,0008,12,base,0008_12.jpg
892,val,0008,13,base,0008_13.jpg
893,val,0008,14,base,0008_14.jpg
894,val,0009,1,base,0009_01.jpg
895,val,0009,2,base,0009_02.jpg
896,val,0009,3,base,0009_03.jpg
897,val,0009,4,base,0009_04.jpg
898,val,0009,5,base,0009_05.jpg
899,val,0009,6,base,0009_06.jpg
900,val,0009,7,base,0009_07.jpg
901,val,0009,8,base,0009_08.jpg
902,val,0009,9,base,0009_09.jpg
903,val,0009,10,base,0009_10.jpg
904,val,0009,11,base,0009_11.jpg
905,val,0009,12,base,0009_12.jpg
906,val,0009,13,base,0009_13.jpg
907,val,0009,14,base,0009_14.jpg
908,val,0010,1,base,0010_01.jpg
909,val,0010,2,base,0010_02.jpg
910,val,0010,3,base,0010_03.jpg
911,val,0010,4,base,0010_04.jpg
912,val,0010,5,base,0010_05.jpg
913,val,0010,6,base,0010_06.jpg
914,val,0010,7,base,0010_07.jpg
915,val,0010,8,base,0010_08.jpg
916,val,0010,9,base,0010_09.jpg
917,val,0010,10,base,0010_10.jpg
918,val,0010,11,base,0010_11.jpg
919,val,0010,12,base,0010_12.jpg
920,val,0010,13,base,0010_13.jpg
921,val,0010,14,base,0010_14.jpg
922,val,0019,1,base,0019_01.jpg
923,val,0019,2,base,0019_02.jpg
924,val,0019,3,base,0019_03.jpg
925,val,0019,4,base,0019_04.jpg
926,val,0019,5,base,0019_05.jpg
927,val,0019,6,base,0019_06.jpg
928,val,0019,7,base,0019_07.jpg
929,val,0019,8,base,0019_08.jpg
930,val,0019,9,base,0019_09.jpg
931,val,0019,10,base,0019_10.jpg
932,val,0019,11,base,0019_11.jpg
933,val,0019,12,base,0019_12.jpg
934,val,0019,13,base,0019_13.jpg
935,val,0019,14,base,0019_14.jpg
936,val,0025,1,base,0025_01.jpg
937,val,0025,2,base,0025_02.jpg
938,val,0025,3,base,0025_03.jpg
939,val,0025,4,base,0025_04.jpg
940,val,0025,5,base,0025_05.jpg
941,val,0025,6,base,0025_06.jpg
942,val,0025,7,base,0025_07.jpg
943,val,0025,8,base,0025_08.jpg
944,val,0025,9,base,0025_09.jpg
945,val,0025,10,base,0025_10.jpg
946,val,0025,11,base,0025_11.jpg
947,val,0025,12,base,0025_12.jpg
948,val,0025,13,base,0025_13.jpg
949,val,0025,14,base,0025_14.jpg
950,val,0030,1,base,0030_01.jpg
951,val,0030,2,base,0030_02.jpg
952,val,0030,3,base,0030_03.jpg
953,val,0030,4,base,0030_04.jpg
954,val,0030,5,base,0030_05.jpg
955,val,0030,6,base,0030_06.jpg
956,val,0030,7,base,0030_07.jpg
957,val,0030,8,base,0030_08.jpg
958,val,0030,9,base,0030_09.jpg
959,val,0030,10,base,0030_10.jpg
960,val,0030,11,base,0030_11.jpg
961,val,0030,12,base,0030_12.jpg
962,val,0030,13,base,0030_13.jpg
963,val,0030,14,base,0030_14.jpg
964,val,0048,1,base,0048_01.jpg
965,val,0048,2,base,0048_02.jpg
966,val,0048,3,base,0048_03.jpg
967,val,0048,4,base,0048_04.jpg
968,val,0048,5,base,0048_05.jpg
969,val,0048,6,base,0048_06.jpg
970,val,0048,7,base,0048_07.jpg
971,val,0048,8,base,0048_08.jpg
972,val,0048,9,base,0048_09.jpg
973,val,0048,10,base,0048_10.jpg
974,val,0048,11,base,0048_11.jpg
975,val,0048,12,base,0048_12.jpg
976,val,0048,13,base,0048_13.jpg
977,val,0048,14,base,0048_14.jpg
978,val,0051,1,base,0051_01.jpg
979,val,0051,2,base,0051_02.jpg
980,val,0051,3,base,0051_03.jpg
981,val,0051,4,base,0051_04.jpg
982,val,0051,5,base,0051_05.jpg
983,val,0051,6,base,0051_06.jpg
984,val,0051,7,base,0051_07.jpg
985,val,0051,8,base,0051_08.jpg
986,val,0051,9,base,0051_09.jpg
987,val,0051,10,base,0051_10.jpg
988,val,0051,11,base,0051_11.jpg
989,val,0051,12,base,0051_12.jpg
990,val,0051,13,base,0051_13.jpg
991,val,0051,14,base,0051_14.jpg
992,val,0052,1,base,0052_01.jpg
993,val,0052,2,base,0052_02.jpg
994,val,0052,3,base,0052_03.jpg
995,val,0052,4,base,0052_04.jpg
996,val,0052,5,base,0052_05.jpg
997,val,0052,6,base,0052_06.jpg
998,val,0052,7,base,0052_07.jpg
999,val,0052,8,base,0052_08.jpg
1000,val,0052,9,base,0052_09.jpg
1001,val,0052,10,base,0052_10.jpg
1002,val,0052,11,base,0052_11.jpg
1003,val,0052,12,base,0052_12.jpg
1004,val,0052,13,base,0052_13.jpg
1005,val,0052,14,base,0052_14.jpg
1006,val,0053,1,base,0053_01.jpg
1007,val,0053,2,base,0053_02.jpg
1008,val,0053,3,base,0053_03.jpg
1009,val,0053,4,base,0053_04.jpg
1010,val,0053,5,base,0053_05.jpg
1011,val,0053,6,base,0053_06.jpg
1012,val,0053,7,base,0053_07.jpg
1013,val,0053,8,base,0053_08.jpg
1014,val,0053,9,base,0053_09.jpg
1015,val,0053,10,base,0053_10.jpg
1016,val,0053,11,base,0053_11.jpg
1017,val,0053,12,base,0053_12.jpg
1018,val,0053,13,base,0053_13.jpg
1019,val,0060,1,base,0060_01.jpg
1020,val,0060,2,base,0060_02.jpg
1021,val,0060,3,base,0060_03.jpg
1022,val,0060,4,base,0060_04.jpg
1023,val,0060,5,base,0060_05.jpg
1024,val,0060,6,base,0060_06.jpg
1025,val,0060,7,base,0060_07.jpg
1026,val,0060,8,base,0060_08.jpg
1027,val,0060,9,base,0060_09.jpg
1028,val,0060,10,base,0060_10.jpg
1029,val,0060,11,base,0060_11.jpg
1030,val,0060,12,base,0060_12.jpg
1031,val,0060,13,base,0060_13.jpg
1032,val,0060,14,base,0060_14.jpg
1033,val,0061,1,base,0061_01.jpg
1034,val,0061,2,base,0061_02.jpg
1035,val,0061,3,base,0061_03.jpg
1036,val,0061,4,base,0061_04.jpg
1037,val,0061,5,base,0061_05.jpg
1038,val,0061,6,base,0061_06.jpg
1039,val,0061,7,base,0061_07.jpg
1040,val,0061,8,base,0061_08.jpg
1041,val,0061,9,base,0061_09.jpg
1042,val,0061,10,base,0061_10.jpg
1043,val,0061,11,base,0061_11.jpg
1044,val,0062,1,base,0062_01.jpg
1045,val,0062,2,base,0062_02.jpg
1046,val,0062,3,base,0062_03.jpg
1047,val,0062,4,base,0062_04.jpg
1048,val,0062,5,base,0062_05.jpg
1049,val,0062,6,base,0062_06.jpg
1050,val,0062,7,base,0062_07.jpg
1051,val,0062,8,base,0062_08.jpg
1052,val,0062,9,base,0062_09.jpg
1053,val,0062,10,base,0062_10.jpg
1054,val,0062,11,base,0062_11.jpg
1055,val,0062,12,base,0062_12.jpg
1056,val,0065,1,base,0065_01.jpg
1057,val,0065,2,base,0065_02.jpg
1058,val,0065,3,base,0065_03.jpg
1059,val,0065,4,base,0065_04.jpg
1060,val,0065,5,base,0065_05.jpg
1061,val,0065,6,base,0065_06.jpg
1062,val,0065,7,base,0065_07.jpg
1063,val,0065,8,base,0065_08.jpg
1064,val,0065,9,base,0065_09.jpg
1065,val,0065,10,base,0065_10.jpg
1066,val,0065,11,base,0065_11.jpg
1067,val,0065,12,base,0065_12.jpg
1068,val,0065,13,base,0065_13.jpg
1069,val,0066,1,base,0066_01.jpg
1070,val,0066,2,base,0066_02.jpg
1071,val,0066,3,base,0066_03.jpg
1072,val,0066,4,base,0066_04.jpg
1073,val,0066,5,base,0066_05.jpg
1074,val,0066,6,base,0066_06.jpg
1075,val,0066,7,base,0066_07.jpg
1076,val,0066,8,base,0066_08.jpg
1077,val,0066,9,base,0066_09.jpg
1078,val,0066,10,base,0066_10.jpg
1079,val,0066,11,base,0066_11.jpg
1080,val,0066,12,base,0066_12.jpg
1081,val,0066,13,base,0066_13.jpg
1082,val,0066,14,base,0066_14.jpg
1083,val,0068,1,base,0068_01.jpg
1084,val,0068,2,base,0068_02.jpg
1085,val,0068,3,base,0068_03.jpg
1086,val,0068,4,base,0068_04.jpg
1087,val,0068,5,base,0068_05.jpg
1088,val,0068,6,base,0068_06.jpg
1089,val,0068,7,base,0068_07.jpg
1090,val,0068,8,base,0068_08.jpg
1091,val,0068,9,base,0068_09.jpg
1092,val,0086,1,base,0086_01.jpg
1093,val,0086,2,base,0086_02.jpg
1094,val,0086,3,base,0086_03.jpg
1095,val,0086,4,base,0086_04.jpg
1096,val,0086,5,base,0086_05.jpg
1097,val,0086,6,base,0086_06.jpg
1098,val,0086,7,base,0086_07.jpg
1099,val,0086,8,base,0086_08.jpg
1100,val,0086,9,base,0086_09.jpg
1101,val,0086,10,base,0086_10.jpg
1102,val,0086,11,base,0086_11.jpg
1103,val,0086,12,base,0086_12.jpg
1104,val,0086,13,base,0086_13.jpg
1105,val,0086,14,base,0086_14.jpg
1106,val,0086,15,base,0086_15.jpg
1107,val,0086,16,base,0086_16.jpg
1108,val,0086,17,base,0086_17.jpg
1109,val,0086,18,base,0086_18.jpg
1110,val,0086,19,base,0086_19.jpg
1111,val,0086,20,base,0086_20.jpg
1112,val,0086,21,base,0086_21.jpg
1113,val,0086,22,base,0086_22.jpg
1114,val,0086,23,base,0086_23.jpg
1115,val,0087,1,base,0087_01.jpg
1116,val,0087,2,base,0087_02.jpg
1117,val,0087,3,base,0087_03.jpg
1118,val,0087,4,base,0087_04.jpg
1119,val,0087,5,base,0087_05.jpg
1120,val,0087,6,base,0087_06.jpg
1121,val,0087,7,base,0087_07.jpg
1122,val,0087,8,base,0087_08.jpg
1123,val,0087,9,base,0087_09.jpg
1124,val,0087,10,base,0087_10.jpg
1125,val,0087,11,base,0087_11.jpg
1126,val,0087,12,base,0087_12.jpg
1127,val,0087,13,base,0087_13.jpg
1128,val,0087,14,base,0087_14.jpg
1129,val,0087,15,base,0087_15.jpg
1130,val,0087,16,base,0087_16.jpg
1131,val,0087,17,base,0087_17.jpg
1132,val,0087,18,base,0087_18.jpg
1133,val,0087,19,base,0087_19.jpg
1134,val,0087,20,base,0087_20.jpg
1135,val,0087,21,base,0087_21.jpg
1136,val,0087,22,base,0087_22.jpg
1137,val,0087,23,base,0087_23.jpg
1138,val,0088,1,base,0088_01.jpg
1139,val,0088,2,base,0088_02.jpg
1140,val,0088,3,base,0088_03.jpg
1141,val,0088,4,base,0088_04.jpg
1142,val,0088,5,base,0088_05.jpg
1143,val,0088,6,base,0088_06.jpg
1144,val,0088,7,base,0088_07.jpg
1145,val,0088,8,base,0088_08.jpg
1146,val,0088,9,base,0088_09.jpg
1147,val,0088,10,base,0088_10.jpg
1148,val,0088,11,base,0088_11.jpg
1149,val,0088,12,base,0088_12.jpg
1150,val,0088,13,base,0088_13.jpg
1151,val,0088,14,base,0088_14.jpg
1152,val,0088,15,base,0088_15.jpg
1153,val,0088,16,base,0088_16.jpg
1154,val,0088,17,base,0088_17.jpg
1155,val,0088,18,base,0088_18.jpg
1156,val,0088,19,base,0088_19.jpg
1157,val,0088,20,base,0088_20.jpg
1158,val,0088,21,base,0088_21.jpg
1159,val,0088,22,base,0088_22.jpg
1160,val,0088,23,base,0088_23.jpg
1161,val,0089,1,base,0089_01.jpg
1162,val,0089,2,base,0089_02.jpg
1163,val,0089,3,base,0089_03.jpg
1164,val,0089,4,base,0089_04.jpg
1165,val,0089,5,base,0089_05.jpg
1166,val,0089,6,base,0089_06.jpg
1167,val,0089,7,base,0089_07.jpg
1168,val,0089,8,base,0089_08.jpg
1169,val,0089,9,base,0089_09.jpg
1170,val,0089,10,base,0089_10.jpg
1171,val,0089,11,base,0089_11.jpg
1172,val,0089,12,base,0089_12.jpg
1173,val,0089,13,base,0089_13.jpg
1174,val,0089,14,base,0089_14.jpg
1175,val,0089,15,base,0089_15.jpg
1176,val,0089,16,base,0089_16.jpg
1177,val,0089,17,base,0089_17.jpg
1178,val,0089,18,base,0089_18.jpg
1179,val,0089,19,base,0089_19.jpg
1180,val,0089,20,base,0089_20.jpg
1181,val,0089,21,base,0089_21.jpg
1182,val,0089,22,base,0089_22.jpg
1183,val,0089,23,base,0089_23.jpg
1184,val,0090,1,base,0090_01.jpg
1185,val,0090,2,base,0090_02.jpg
1186,val,0090,3,base,0090_03.jpg
1187,val,0090,4,base,0090_04.jpg
1188,val,0090,5,base,0090_05.jpg
1189,val,0090,6,base,0090_06.jpg
1190,val,0090,7,base,0090_07.jpg
1191,val,0090,8,base,0090_08.jpg
1192,val,0090,9,base,0090_09.jpg
1193,val,0090,10,base,0090_10.jpg
1194,val,0090,11,base,0090_11.jpg
1195,val,0090,12,base,0090_12.jpg
1196,val,0090,13,base,0090_13.jpg
1197,val,0090,14,base,0090_14.jpg
1198,val,0090,15,base,0090_15.jpg
1199,val,0090,16,base,0090_16.jpg
1200,val,0090,17,base,0090_17.jpg
1201,val,0090,18,base,0090_18.jpg
1202,val,0090,19,base,0090_19.jpg
1203,val,0090,20,base,0090_20.jpg
1204,val,0090,21,base,0090_21.jpg
1205,val,0090,22,base,0090_22.jpg
1206,val,0090,23,base,0090_23.jpg
1207,val,0091,1,base,0091_01.jpg
1208,val,0091,2,base,0091_02.jpg
1209,val,0091,3,base,0091_03.jpg
1210,val,0091,4,base,0091_04.jpg
1211,val,0091,5,base,0091_05.jpg
1212,val,0091,6,base,0091_06.jpg
1213,val,0091,7,base,0091_07.jpg
1214,val,0091,8,base,0091_08.jpg
1215,val,0091,9,base,0091_09.jpg
1216,val,0091,10,base,0091_10.jpg
1217,val,0091,11,base,0091_11.jpg
1218,val,0091,12,base,0091_12.jpg
1219,val,0091,13,base,0091_13.jpg
1220,val,0091,14,base,0091_14.jpg
1221,val,0091,15,base,0091_15.jpg
1222,val,0091,16,base,0091_16.jpg
1223,val,0091,17,base,0091_17.jpg
1224,val,0091,18,base,0091_18.jpg
1225,val,0091,19,base,0091_19.jpg
1226,val,0091,20,base,0091_20.jpg
1227,val,0091,21,base,0091_21.jpg
1228,val,0091,22,base,0091_22.jpg
1229,val,0091,23,base,0091_23.jpg
1230,val,0092,1,base,0092_01.jpg
1231,val,0092,2,base,0092_02.jpg
1232,val,0092,3,base,0092_03.jpg
1233,val,0092,4,base,0092_04.jpg
1234,val,0092,5,base,0092_05.jpg
1235,val,0092,6,base,0092_06.jpg
1236,val,0092,7,base,0092_07.jpg
1237,val,0092,8,base,0092_08.jpg
1238,val,0092,9,base,0092_09.jpg
1239,val,0092,10,base,0092_10.jpg
1240,val,0092,11,base,0092_11.jpg
1241,val,0092,12,base,0092_12.jpg
1242,val,0092,13,base,0092_13.jpg
1243,val,0092,14,base,0092_14.jpg
1244,val,0092,15,base,0092_15.jpg
1245,val,0092,16,base,0092_16.jpg
1246,val,0092,17,base,0092_17.jpg
1247,val,0092,18,base,0092_18.jpg
1248,val,0092,19,base,0092_19.jpg
1249,val,0092,20,base,0092_20.jpg
1250,val,0092,21,base,0092_21.jpg
1251,val,0092,22,base,0092_22.jpg
1252,val,0092,23,base,0092_23.jpg
1253,val,0093,1,base,0093_01.jpg
1254,val,0093,2,base,0093_02.jpg
1255,val,0093,3,base,0093_03.jpg
1256,val,0093,4,base,0093_04.jpg
1257,val,0093,5,base,0093_05.jpg
1258,val,0093,6,base,0093_06.jpg
1259,val,0093,7,base,0093_07.jpg
1260,val,0093,8,base,0093_08.jpg
1261,val,0093,9,base,0093_09.jpg
1262,val,0093,10,base,0093_10.jpg
1263,val,0093,11,base,0093_11.jpg
1264,val,0093,12,base,0093_12.jpg
1265,val,0093,13,base,0093_13.jpg
1266,val,0093,14,base,0093_14.jpg
1267,val,0093,15,base,0093_15.jpg
1268,val,0093,16,base,0093_16.jpg
1269,val,0093,17,base,0093_17.jpg
1270,val,0093,18,base,0093_18.jpg
1271,val,0093,19,base,0093_19.jpg
1272,val,0093,20,base,0093_20.jpg
1273,val,0093,21,base,0093_21.jpg
1274,val,0093,22,base,0093_22.jpg
1275,val,0093,23,base,0093_23.jpg
1276,val,0094,1,base,0094_01.jpg
1277,val,0094,2,base,0094_02.jpg
1278,val,0094,3,base,0094_03.jpg
1279,val,0094,4,base,0094_04.jpg
1280,val,0094,5,base,0094_05.jpg
1281,val,0094,6,base,0094_06.jpg
1282,val,0094,7,base,0094_07.jpg
1283,val,0094,8,base,0094_08.jpg
1284,val,0094,9,base,0094_09.jpg
1285,val,0094,10,base,0094_10.jpg
1286,val,0094,11,base,0094_11.jpg
1287,val,0094,12,base,0094_12.jpg
1288,val,0094,13,base,0094_13.jpg
1289,val,0094,14,base,0094_14.jpg
1290,val,0094,15,base,0094_15.jpg
1291,val,0094,16,base,0094_16.jpg
1292,val,0094,17,base,0094_17.jpg
1293,val,0094,18,base,0094_18.jpg
1294,val,0094,19,base,0094_19.jpg
1295,val,0094,20,base,0094_20.jpg
1296,val,0094,21,base,0094_21.jpg
1297,val,0094,22,base,0094_22.jpg
1298,val,0094,23,base,0094_23.jpg
1299,val,0095,1,base,0095_01.jpg
1300,val,0095,2,base,0095_02.jpg
1301,val,0095,3,base,0095_03.jpg
1302,val,0095,4,base,0095_04.jpg
1303,val,0095,5,base,0095_05.jpg
1304,val,0095,6,base,0095_06.jpg
1305,val,0095,7,base,0095_07.jpg
1306,val,0095,8,base,0095_08.jpg
1307,val,0095,9,base,0095_09.jpg
1308,val,0095,10,base,0095_10.jpg
1309,val,0095,11,base,0095_11.jpg
1310,val,0095,12,base,0095_12.jpg
1311,val,0095,13,base,0095_13.jpg
1312,val,0095,14,base,0095_14.jpg
1313,val,0095,15,base,0095_15.jpg
1314,val,0095,16,base,0095_16.jpg
1315,val,0095,17,base,0095_17.jpg
1316,val,0095,18,base,0095_18.jpg
1317,val,0095,19,base,0095_19.jpg
1318,val,0095,20,base,0095_20.jpg
1319,val,0095,21,base,0095_21.jpg
1320,val,0095,22,base,0095_22.jpg
1321,val,0095,23,base,0095_23.jpg
1322,val,0096,1,base,0096_01.jpg
1323,val,0096,2,base,0096_02.jpg
1324,val,0096,3,base,0096_03.jpg
1325,val,0096,4,base,0096_04.jpg
1326,val,0096,5,base,0096_05.jpg
1327,val,0096,6,base,0096_06.jpg
1328,val,0096,7,base,0096_07.jpg
1329,val,0096,8,base,0096_08.jpg
1330,val,0096,9,base,0096_09.jpg
1331,val,0096,10,base,0096_10.jpg
1332,val,0096,11,base,0096_11.jpg
1333,val,0096,12,base,0096_12.jpg
1334,val,0096,13,base,0096_13.jpg
1335,val,0096,14,base,0096_14.jpg
1336,val,0096,15,base,0096_15.jpg
1337,val,0096,16,base,0096_16.jpg
1338,val,0096,17,base,0096_17.jpg
1339,val,0096,18,base,0096_18.jpg
1340,val,0096,19,base,0096_19.jpg
1341,val,0096,20,base,0096_20.jpg
1342,val,0096,21,base,0096_21.jpg
1343,val,0096,22,base,0096_22.jpg
1344,val,0096,23,base,0096_23.jpg
1345,val,0097,1,base,0097_01.jpg
1346,val,0097,2,base,0097_02.jpg
1347,val,0097,3,base,0097_03.jpg
1348,val,0097,4,base,0097_04.jpg
1349,val,0097,5,base,0097_05.jpg
1350,val,0097,6,base,0097_06.jpg
1351,val,0097,7,base,0097_07.jpg
1352,val,0097,8,base,0097_08.jpg
1353,val,0097,9,base,0097_09.jpg
1354,val,0097,10,base,0097_10.jpg
1355,val,0097,11,base,0097_11.jpg
1356,val,0097,12,base,0097_12.jpg
1357,val,0097,13,base,0097_13.jpg
1358,val,0097,14,base,0097_14.jpg
1359,val,0097,15,base,0097_15.jpg
1360,val,0097,16,base,0097_16.jpg
1361,val,0097,17,base,0097_17.jpg
1362,val,0097,18,base,0097_18.jpg
1363,val,0097,19,base,0097_19.jpg
1364,val,0097,20,base,0097_20.jpg
1365,val,0097,21,base,0097_21.jpg
1366,val,0097,22,base,0097_22.jpg
1367,val,0097,23,base,0097_23.jpg
1368,val,0098,1,base,0098_01.jpg
1369,val,0098,2,base,0098_02.jpg
1370,val,0098,3,base,0098_03.jpg
1371,val,0098,4,base,0098_04.jpg
1372,val,0098,5,base,0098_05.jpg
1373,val,0098,6,base,0098_06.jpg
1374,val,0098,7,base,0098_07.jpg
1375,val,0098,8,base,0098_08.jpg
1376,val,0098,9,base,0098_09.jpg
1377,val,0098,10,base,0098_10.jpg
1378,val,0098,11,base,0098_11.jpg
1379,val,0098,12,base,0098_12.jpg
1380,val,0098,13,base,0098_13.jpg
1381,val,0098,14,base,0098_14.jpg
1382,val,0098,15,base,0098_15.jpg
1383,val,0098,16,base,0098_16.jpg
1384,val,0098,17,base,0098_17.jpg
1385,val,0098,18,base,0098_18.jpg
1386,val,0098,19,base,0098_19.jpg
1387,val,0098,20,base,0098_20.jpg
1388,val,0098,21,base,0098_21.jpg
1389,val,0098,22,base,0098_22.jpg
1390,val,0098,23,base,0098_23.jpg
1391,val,0099,1,base,0099_01.jpg
1392,val,0099,2,base,0099_02.jpg
1393,val,0099,3,base,0099_03.jpg
1394,val,0099,4,base,0099_04.jpg
1395,val,0099,5,base,0099_05.jpg
1396,val,0099,6,base,0099_06.jpg
1397,val,0099,7,base,0099_07.jpg
1398,val,0099,8,base,0099_08.jpg
1399,val,0099,9,base,0099_09.jpg
1400,val,0099,10,base,0099_10.jpg
1401,val,0099,11,base,0099_11.jpg
1402,val,0099,12,base,0099_12.jpg
1403,val,0099,13,base,0099_13.jpg
1404,val,0099,14,base,0099_14.jpg
1405,val,0099,15,base,0099_15.jpg
1406,val,0099,16,base,0099_16.jpg
1407,val,0099,17,base,0099_17.jpg
1408,val,0099,18,base,0099_18.jpg
1409,val,0099,19,base,0099_19.jpg
1410,val,0099,20,base,0099_20.jpg
1411,val,0099,21,base,0099_21.jpg
1412,val,0099,22,base,0099_22.jpg
1413,val,0099,23,base,0099_23.jpg
1414,val,0100,1,base,0100_01.jpg
1415,val,0100,2,base,0100_02.jpg
1416,val,0100,3,base,0100_03.jpg
1417,val,0100,4,base,0100_04.jpg
1418,val,0100,5,base,0100_05.jpg
1419,val,0100,6,base,0100_06.jpg
1420,val,0100,7,base,0100_07.jpg
1421,val,0100,8,base,0100_08.jpg
1422,val,0100,9,base,0100_09.jpg
1423,val,0100,10,base,0100_10.jpg
1424,val,0100,11,base,0100_11.jpg
1425,val,0100,12,base,0100_12.jpg
1426,val,0100,13,base,0100_13.jpg
1427,val,0100,14,base,0100_14.jpg
1428,val,0100,15,base,0100_15.jpg
1429,val,0100,16,base,0100_16.jpg
1430,val,0100,17,base,0100_17.jpg
1431,val,0100,18,base,0100_18.jpg
1432,val,0100,19,base,0100_19.jpg
1433,val,0100,20,base,0100_20.jpg
1434,val,0100,21,base,0100_21.jpg
1435,val,0100,22,base,0100_22.jpg
1436,val,0100,23,base,0100_23.jpg
1437,val,0101,1,base,0101_01.jpg
1438,val,0101,2,base,0101_02.jpg
1439,val,0101,3,base,0101_03.jpg
1440,val,0101,4,base,0101_04.jpg
1441,val,0101,5,base,0101_05.jpg
1442,val,0101,6,base,0101_06.jpg
1443,val,0101,7,base,0101_07.jpg
1444,val,0101,8,base,0101_08.jpg
1445,val,0101,9,base,0101_09.jpg
1446,val,0101,10,base,0101_10.jpg
1447,val,0101,11,base,0101_11.jpg
1448,val,0101,12,base,0101_12.jpg
1449,val,0101,13,base,0101_13.jpg
1450,val,0101,14,base,0101_14.jpg
1451,val,0101,15,base,0101_15.jpg
1452,val,0101,16,base,0101_16.jpg
1453,val,0101,17,base,0101_17.jpg
1454,val,0101,18,base,0101_18.jpg
1455,val,0101,19,base,0101_19.jpg
1456,val,0101,20,base,0101_20.jpg
1457,val,0101,21,base,0101_21.jpg
1458,val,0101,22,base,0101_22.jpg
1459,val,0101,23,base,0101_23.jpg
1460,test,0001,1,base,0001_01.jpg
1461,test,0001,2,base,0001_02.jpg
1462,test,0001,3,base,0001_03.jpg
1463,test,0001,4,base,0001_04.jpg
1464,test,0001,5,base,0001_05.jpg
1465,test,0001,6,base,0001_06.jpg
1466,test,0001,7,base,0001_07.jpg
1467,test,0001,8,base,0001_08.jpg
1468,test,0001,9,base,0001_09.jpg
1469,test,0001,10,base,0001_10.jpg
1470,test,0001,11,base,0001_11.jpg
1471,test,0001,12,base,0001_12.jpg
1472,test,0001,13,base,0001_13.jpg
1473,test,0001,14,base,0001_14.jpg
1474,test,0004,1,base,0004_01.jpg
1475,test,0004,2,base,0004_02.jpg
1476,test,0004,3,base,0004_03.jpg
1477,test,0004,4,base,0004_04.jpg
1478,test,0004,5,base,0004_05.jpg
1479,test,0004,6,base,0004_06.jpg
1480,test,0004,7,base,0004_07.jpg
1481,test,0004,8,base,0004_08.jpg
1482,test,0005,1,base,0005_01.jpg
1483,test,0005,2,base,0005_02.jpg
1484,test,0005,3,base,0005_03.jpg
1485,test,0005,4,base,0005_04.jpg
1486,test,0005,5,base,0005_05.jpg
1487,test,0005,6,base,0005_06.jpg
1488,test,0005,7,base,0005_07.jpg
1489,test,0005,8,base,0005_08.jpg
1490,test,0017,1,base,0017_01.jpg
1491,test,0017,2,base,0017_02.jpg
1492,test,0017,3,base,0017_03.jpg
1493,test,0017,4,base,0017_04.jpg
1494,test,0017,5,base,0017_05.jpg
1495,test,0017,6,base,0017_06.jpg
1496,test,0017,7,base,0017_07.jpg
1497,test,0017,8,base,0017_08.jpg
1498,test,0017,9,base,0017_09.jpg
1499,test,0017,10,base,0017_10.jpg
1500,test,0017,11,base,0017_11.jpg
1501,test,0017,12,base,0017_12.jpg
1502,test,0017,13,base,0017_13.jpg
1503,test,0017,14,base,0017_14.jpg
1504,test,0022,1,base,0022_01.jpg
1505,test,0022,2,base,0022_02.jpg
1506,test,0022,3,base,0022_03.jpg
1507,test,0022,4,base,0022_04.jpg
1508,test,0022,5,base,0022_05.jpg
1509,test,0022,6,base,0022_06.jpg
1510,test,0022,7,base,0022_07.jpg
1511,test,0022,8,base,0022_08.jpg
1512,test,0022,9,base,0022_09.jpg
1513,test,0022,10,base,0022_10.jpg
1514,test,0022,11,base,0022_11.jpg
1515,test,0022,12,base,0022_12.jpg
1516,test,0022,13,base,0022_13.jpg
1517,test,0022,14,base,0022_14.jpg
1518,test,0032,1,base,0032_01.jpg
1519,test,0032,2,base,0032_02.jpg
1520,test,0032,3,base,0032_03.jpg
1521,test,0032,4,base,0032_04.jpg
1522,test,0032,5,base,0032_05.jpg
1523,test,0032,6,base,0032_06.jpg
1524,test,0032,7,base,0032_07.jpg
1525,test,0032,8,base,0032_08.jpg
1526,test,0032,9,base,0032_09.jpg
1527,test,0032,10,base,0032_10.jpg
1528,test,0032,11,base,0032_11.jpg
1529,test,0032,12,base,0032_12.jpg
1530,test,0032,13,base,0032_13.jpg
1531,test,0032,14,base,0032_14.jpg
1532,test,0034,1,base,0034_01.jpg
1533,test,0034,2,base,0034_02.jpg
1534,test,0034,3,base,0034_03.jpg
1535,test,0034,4,base,0034_04.jpg
1536,test,0034,5,base,0034_05.jpg
1537,test,0034,6,base,0034_06.jpg
1538,test,0034,7,base,0034_07.jpg
1539,test,0034,8,base,0034_08.jpg
1540,test,0034,9,base,0034_09.jpg
1541,test,0034,10,base,0034_10.jpg
1542,test,0034,11,base,0034_11.jpg
1543,test,0034,12,base,0034_12.jpg
1544,test,0034,13,base,0034_13.jpg
1545,test,0034,14,base,0034_14.jpg
1546,test,0035,1,base,0035_01.jpg
1547,test,0035,2,base,0035_02.jpg
1548,test,0035,3,base,0035_03.jpg
1549,test,0035,4,base,0035_04.jpg
1550,test,0035,5,base,0035_05.jpg
1551,test,0035,6,base,0035_06.jpg
1552,test,0035,7,base,0035_07.jpg
1553,test,0035,8,base,0035_08.jpg
1554,test,0035,9,base,0035_09.jpg
1555,test,0035,10,base,0035_10.jpg
1556,test,0035,11,base,0035_11.jpg
1557,test,0035,12,base,0035_12.jpg
1558,test,0035,13,base,0035_13.jpg
1559,test,0035,14,base,0035_14.jpg
1560,test,0036,1,base,0036_01.jpg
1561,test,0036,2,base,0036_02.jpg
1562,test,0036,3,base,0036_03.jpg
1563,test,0036,4,base,0036_04.jpg
1564,test,0036,5,base,0036_05.jpg
1565,test,0036,6,base,0036_06.jpg
1566,test,0036,7,base,0036_07.jpg
1567,test,0036,8,base,0036_08.jpg
1568,test,0036,9,base,0036_09.jpg
1569,test,0036,10,base,0036_10.jpg
1570,test,0036,11,base,0036_11.jpg
1571,test,0036,12,base,0036_12.jpg
1572,test,0036,13,base,0036_13.jpg
1573,test,0036,14,base,0036_14.jpg
1574,test,0038,1,base,0038_01.jpg
1575,test,0038,2,base,0038_02.jpg
1576,test,0038,3,base,0038_03.jpg
1577,test,0038,4,base,0038_04.jpg
1578,test,0038,5,base,0038_05.jpg
1579,test,0038,6,base,0038_06.jpg
1580,test,0038,7,base,0038_07.jpg
1581,test,0038,8,base,0038_08.jpg
1582,test,0038,9,base,0038_09.jpg
1583,test,0038,10,base,0038_10.jpg
1584,test,0038,11,base,0038_11.jpg
1585,test,0038,12,base,0038_12.jpg
1586,test,0038,13,base,0038_13.jpg
1587,test,0038,14,base,0038_14.jpg
1588,test,0039,1,base,0039_01.jpg
1589,test,0039,2,base,0039_02.jpg
1590,test,0039,3,base,0039_03.jpg
1591,test,0039,4,base,0039_04.jpg
1592,test,0039,5,base,0039_05.jpg
1593,test,0039,6,base,0039_06.jpg
1594,test,0039,7,base,0039_07.jpg
1595,test,0039,8,base,0039_08.jpg
1596,test,0039,9,base,0039_09.jpg
1597,test,0039,10,base,0039_10.jpg
1598,test,0039,11,base,0039_11.jpg
1599,test,0039,12,base,0039_12.jpg
1600,test,0039,13,base,0039_13.jpg
1601,test,0039,14,base,0039_14.jpg
1602,test,0047,1,base,0047_01.jpg
1603,test,0047,2,base,0047_02.jpg
1604,test,0047,3,base,0047_03.jpg
1605,test,0047,4,base,0047_04.jpg
1606,test,0047,5,base,0047_05.jpg
1607,test,0047,6,base,0047_06.jpg
1608,test,0047,7,base,0047_07.jpg
1609,test,0047,8,base,0047_08.jpg
1610,test,0047,9,base,0047_09.jpg
1611,test,0047,10,base,0047_10.jpg
1612,test,0047,11,base,0047_11.jpg
1613,test,0047,12,base,0047_12.jpg
1614,test,0047,13,base,0047_13.jpg
1615,test,0047,14,base,0047_14.jpg
1616,test,0049,1,base,0049_01.jpg
1617,test,0049,2,base,0049_02.jpg
1618,test,0049,3,base,0049_03.jpg
1619,test,0049,4,base,0049_04.jpg
1620,test,0049,5,base,0049_05.jpg
1621,test,0049,6,base,0049_06.jpg
1622,test,0049,7,base,0049_07.jpg
1623,test,0049,8,base,0049_08.jpg
1624,test,0049,9,base,0049_09.jpg
1625,test,0049,10,base,0049_10.jpg
1626,test,0049,11,base,0049_11.jpg
1627,test,0049,12,base,0049_12.jpg
1628,test,0049,13,base,0049_13.jpg
1629,test,0049,14,base,0049_14.jpg
1630,test,0055,1,base,0055_01.jpg
1631,test,0055,2,base,0055_02.jpg
1632,test,0055,3,base,0055_03.jpg
1633,test,0055,4,base,0055_04.jpg
1634,test,0055,5,base,0055_05.jpg
1635,test,0055,6,base,0055_06.jpg
1636,test,0055,7,base,0055_07.jpg
1637,test,0055,8,base,0055_08.jpg
1638,test,0055,9,base,0055_09.jpg
1639,test,0055,10,base,0055_10.jpg
1640,test,0055,11,base,0055_11.jpg
1641,test,0055,12,base,0055_12.jpg
1642,test,0055,13,base,0055_13.jpg
1643,test,0055,14,base,0055_14.jpg
1644,test,0059,1,base,0059_01.jpg
1645,test,0059,2,base,0059_02.jpg
1646,test,0059,3,base,0059_03.jpg
1647,test,0059,4,base,0059_04.jpg
1648,test,0059,5,base,0059_05.jpg
1649,test,0059,6,base,0059_06.jpg
1650,test,0059,7,base,0059_07.jpg
1651,test,0059,8,base,0059_08.jpg
1652,test,0059,9,base,0059_09.jpg
1653,test,0059,10,base,0059_10.jpg
1654,test,0059,11,base,0059_11.jpg
1655,test,0059,12,base,0059_12.jpg
1656,test,0059,13,base,0059_13.jpg
1657,test,0059,14,base,0059_14.jpg
1658,test,0063,1,base,0063_01.jpg
1659,test,0063,2,base,0063_02.jpg
1660,test,0063,3,base,0063_03.jpg
1661,test,0063,4,base,0063_04.jpg
1662,test,0063,5,base,0063_05.jpg
1663,test,0063,6,base,0063_06.jpg
1664,test,0063,7,base,0063_07.jpg
1665,test,0063,8,base,0063_08.jpg
1666,test,0063,9,base,0063_09.jpg
1667,test,0063,10,base,0063_10.jpg
1668,test,0063,11,base,0063_11.jpg
1669,test,0063,12,base,0063_12.jpg
1670,test,0063,13,base,0063_13.jpg
1671,test,0063,14,base,0063_14.jpg
1672,test,0067,1,base,0067_01.jpg
1673,test,0067,2,base,0067_02.jpg
1674,test,0067,3,base,0067_03.jpg
1675,test,0067,4,base,0067_04.jpg
1676,test,0067,5,base,0067_05.jpg
1677,test,0067,6,base,0067_06.jpg
1678,test,0067,7,base,0067_07.jpg
1679,test,0067,8,base,0067_08.jpg
1680,test,0067,9,base,0067_09.jpg
1681,test,0067,10,base,0067_10.jpg
1682,test,0067,11,base,0067_11.jpg
1683,test,0067,12,base,0067_12.jpg
1684,test,0067,13,base,0067_13.jpg
1685,test,0067,14,base,0067_14.jpg
1686,test,0102,1,base,0102_01.jpg
1687,test,0102,2,base,0102_02.jpg
1688,test,0102,3,base,0102_03.jpg
1689,test,0102,4,base,0102_04.jpg
1690,test,0102,5,base,0102_05.jpg
1691,test,0102,6,base,0102_06.jpg
1692,test,0102,7,base,0102_07.jpg
1693,test,0102,8,base,0102_08.jpg
1694,test,0102,9,base,0102_09.jpg
1695,test,0102,10,base,0102_10.jpg
1696,test,0102,11,base,0102_11.jpg
1697,test,0102,12,base,0102_12.jpg
1698,test,0102,13,base,0102_13.jpg
1699,test,0102,14,base,0102_14.jpg
1700,test,0102,15,base,0102_15.jpg
1701,test,0102,16,base,0102_16.jpg
1702,test,0102,17,base,0102_17.jpg
1703,test,0102,18,base,0102_18.jpg
1704,test,0102,19,base,0102_19.jpg
1705,test,0102,20,base,0102_20.jpg
1706,test,0102,21,base,0102_21.jpg
1707,test,0102,22,base,0102_22.jpg
1708,test,0102,23,base,0102_23.jpg
1709,test,0103,1,base,0103_01.jpg
1710,test,0103,2,base,0103_02.jpg
1711,test,0103,3,base,0103_03.jpg
1712,test,0103,4,base,0103_04.jpg
1713,test,0103,5,base,0103_05.jpg
1714,test,0103,6,base,0103_06.jpg
1715,test,0103,7,base,0103_07.jpg
1716,test,0103,8,base,0103_08.jpg
1717,test,0103,9,base,0103_09.jpg
1718,test,0103,10,base,0103_10.jpg
1719,test,0103,11,base,0103_11.jpg
1720,test,0103,12,base,0103_12.jpg
1721,test,0103,13,base,0103_13.jpg
1722,test,0103,14,base,0103_14.jpg
1723,test,0103,15,base,0103_15.jpg
1724,test,0103,16,base,0103_16.jpg
1725,test,0103,17,base,0103_17.jpg
1726,test,0103,18,base,0103_18.jpg
1727,test,0103,19,base,0103_19.jpg
1728,test,0103,20,base,0103_20.jpg
1729,test,0103,21,base,0103_21.jpg
1730,test,0103,22,base,0103_22.jpg
1731,test,0103,23,base,0103_23.jpg
1732,test,0104,1,base,0104_01.jpg
1733,test,0104,2,base,0104_02.jpg
1734,test,0104,3,base,0104_03.jpg
1735,test,0104,4,base,0104_04.jpg
1736,test,0104,5,base,0104_05.jpg
1737,test,0104,6,base,0104_06.jpg
1738,test,0104,7,base,0104_07.jpg
1739,test,0104,8,base,0104_08.jpg
1740,test,0104,9,base,0104_09.jpg
1741,test,0104,10,base,0104_10.jpg
1742,test,0104,11,base,0104_11.jpg
1743,test,0104,12,base,0104_12.jpg
1744,test,0104,13,base,0104_13.jpg
1745,test,0104,14,base,0104_14.jpg
1746,test,0104,15,base,0104_15.jpg
1747,test,0104,16,base,0104_16.jpg
1748,test,0104,17,base,0104_17.jpg
1749,test,0104,18,base,0104_18.jpg
1750,test,0104,19,base,0104_19.jpg
1751,test,0104,20,base,0104_20.jpg
1752,test,0104,21,base,0104_21.jpg
1753,test,0104,22,base,0104_22.jpg
1754,test,0104,23,base,0104_23.jpg
1755,test,0105,1,base,0105_01.jpg
1756,test,0105,2,base,0105_02.jpg
1757,test,0105,3,base,0105_03.jpg
1758,test,0105,4,base,0105_04.jpg
1759,test,0105,5,base,0105_05.jpg
1760,test,0105,6,base,0105_06.jpg
1761,test,0105,7,base,0105_07.jpg
1762,test,0105,8,base,0105_08.jpg
1763,test,0105,9,base,0105_09.jpg
1764,test,0105,10,base,0105_10.jpg
1765,test,0105,11,base,0105_11.jpg
1766,test,0105,12,base,0105_12.jpg
1767,test,0105,13,base,0105_13.jpg
1768,test,0105,14,base,0105_14.jpg
1769,test,0105,15,base,0105_15.jpg
1770,test,0105,16,base,0105_16.jpg
1771,test,0105,17,base,0105_17.jpg
1772,test,0105,18,base,0105_18.jpg
1773,test,0105,19,base,0105_19.jpg
1774,test,0105,20,base,0105_20.jpg
1775,test,0105,21,base,0105_21.jpg
1776,test,0105,22,base,0105_22.jpg
1777,test,0105,23,base,0105_23.jpg
1778,test,0106,1,base,0106_01.jpg
1779,test,0106,2,base,0106_02.jpg
1780,test,0106,3,base,0106_03.jpg
1781,test,0106,4,base,0106_04.jpg
1782,test,0106,5,base,0106_05.jpg
1783,test,0106,6,base,0106_06.jpg
1784,test,0106,7,base,0106_07.jpg
1785,test,0106,8,base,0106_08.jpg
1786,test,0106,9,base,0106_09.jpg
1787,test,0106,10,base,0106_10.jpg
1788,test,0106,11,base,0106_11.jpg
1789,test,0106,12,base,0106_12.jpg
1790,test,0106,13,base,0106_13.jpg
1791,test,0106,14,base,0106_14.jpg
1792,test,0106,15,base,0106_15.jpg
1793,test,0106,16,base,0106_16.jpg
1794,test,0106,17,base,0106_17.jpg
1795,test,0106,18,base,0106_18.jpg
1796,test,0106,19,base,0106_19.jpg
1797,test,0106,20,base,0106_20.jpg
1798,test,0106,21,base,0106_21.jpg
1799,test,0106,22,base,0106_22.jpg
1800,test,0106,23,base,0106_23.jpg
1801,test,0107,1,base,0107_01.jpg
1802,test,0107,2,base,0107_02.jpg
1803,test,0107,3,base,0107_03.jpg
1804,test,0107,4,base,0107_04.jpg
1805,test,0107,5,base,0107_05.jpg
1806,test,0107,6,base,0107_06.jpg
1807,test,0107,7,base,0107_07.jpg
1808,test,0107,8,base,0107_08.jpg
1809,test,0107,9,base,0107_09.jpg
1810,test,0107,10,base,0107_10.jpg
1811,test,0107,11,base,0107_11.jpg
1812,test,0107,12,base,0107_12.jpg
1813,test,0107,13,base,0107_13.jpg
1814,test,0107,14,base,0107_14.jpg
1815,test,0107,15,base,0107_15.jpg
1816,test,0107,16,base,0107_16.jpg
1817,test,0107,17,base,0107_17.jpg
1818,test,0107,18,base,0107_18.jpg
1819,test,0107,19,base,0107_19.jpg
1820,test,0107,20,base,0107_20.jpg
1821,test,0107,21,base,0107_21.jpg
1822,test,0107,22,base,0107_22.jpg
1823,test,0107,23,base,0107_23.jpg
1824,test,0108,1,base,0108_01.jpg
1825,test,0108,2,base,0108_02.jpg
1826,test,0108,3,base,0108_03.jpg
1827,test,0108,4,base,0108_04.jpg
1828,test,0108,5,base,0108_05.jpg
1829,test,0108,6,base,0108_06.jpg
1830,test,0108,7,base,0108_07.jpg
1831,test,0108,8,base,0108_08.jpg
1832,test,0108,9,base,0108_09.jpg
1833,test,0108,10,base,0108_10.jpg
1834,test,0108,11,base,0108_11.jpg
1835,test,0108,12,base,0108_12.jpg
1836,test,0108,13,base,0108_13.jpg
1837,test,0108,14,base,0108_14.jpg
1838,test,0108,15,base,0108_15.jpg
1839,test,0108,16,base,0108_16.jpg
1840,test,0108,17,base,0108_17.jpg
1841,test,0108,18,base,0108_18.jpg
1842,test,0108,19,base,0108_19.jpg
1843,test,0108,20,base,0108_20.jpg
1844,test,0108,21,base,0108_21.jpg
1845,test,0108,22,base,0108_22.jpg
1846,test,0108,23,base,0108_23.jpg
1847,test,0108,24,base,0108_24.jpg
1848,test,0109,1,base,0109_01.jpg
1849,test,0109,2,base,0109_02.jpg
1850,test,0109,3,base,0109_03.jpg
1851,test,0109,4,base,0109_04.jpg
1852,test,0109,5,base,0109_05.jpg
1853,test,0109,6,base,0109_06.jpg
1854,test,0109,7,base,0109_07.jpg
1855,test,0109,8,base,0109_08.jpg
1856,test,0109,9,base,0109_09.jpg
1857,test,0109,10,base,0109_10.jpg
1858,test,0109,11,base,0109_11.jpg
1859,test,0109,12,base,0109_12.jpg
1860,test,0109,13,base,0109_13.jpg
1861,test,0109,14,base,0109_14.jpg
1862,test,0109,15,base,0109_15.jpg
1863,test,0109,16,base,0109_16.jpg
1864,test,0109,17,base,0109_17.jpg
1865,test,0109,18,base,0109_18.jpg
1866,test,0109,19,base,0109_19.jpg
1867,test,0109,20,base,0109_20.jpg
1868,test,0109,21,base,0109_21.jpg
1869,test,0109,22,base,0109_22.jpg
1870,test,0109,23,base,0109_23.jpg
1871,test,0110,1,base,0110_01.jpg
1872,test,0110,2,base,0110_02.jpg
1873,test,0110,3,base,0110_03.jpg
1874,test,0110,4,base,0110_04.jpg
1875,test,0110,5,base,0110_05.jpg
1876,test,0110,6,base,0110_06.jpg
1877,test,0110,7,base,0110_07.jpg
1878,test,0110,8,base,0110_08.jpg
1879,test,0110,9,base,0110_09.jpg
1880,test,0110,10,base,0110_10.jpg
1881,test,0110,11,base,0110_11.jpg
1882,test,0110,12,base,0110_12.jpg
1883,test,0110,13,base,0110_13.jpg
1884,test,0110,14,base,0110_14.jpg
1885,test,0110,15,base,0110_15.jpg
1886,test,0110,16,base,0110_16.jpg
1887,test,0110,17,base,0110_17.jpg
1888,test,0110,18,base,0110_18.jpg
1889,test,0110,19,base,0110_19.jpg
1890,test,0110,20,base,0110_20.jpg
1891,test,0110,21,base,0110_21.jpg
1892,test,0110,22,base,0110_22.jpg
1893,test,0110,23,base,0110_23.jpg
1894,test,0111,1,base,0111_01.jpg
1895,test,0111,2,base,0111_02.jpg
1896,test,0111,3,base,0111_03.jpg
1897,test,0111,4,base,0111_04.jpg
1898,test,0111,5,base,0111_05.jpg
1899,test,0111,6,base,0111_06.jpg
1900,test,0111,7,base,0111_07.jpg
1901,test,0111,8,base,0111_08.jpg
1902,test,0111,9,base,0111_09.jpg
1903,test,0111,10,base,0111_10.jpg
1904,test,0111,11,base,0111_11.jpg
1905,test,0111,12,base,0111_12.jpg
1906,test,0111,13,base,0111_13.jpg
1907,test,0111,14,base,0111_14.jpg
1908,test,0111,15,base,0111_15.jpg
1909,test,0111,16,base,0111_16.jpg
1910,test,0111,17,base,0111_17.jpg
1911,test,0111,18,base,0111_18.jpg
1912,test,0111,19,base,0111_19.jpg
1913,test,0111,20,base,0111_20.jpg
1914,test,0111,21,base,0111_21.jpg
1915,test,0111,22,base,0111_22.jpg
1916,test,0111,23,base,0111_23.jpg
1917,test,0112,1,base,0112_01.jpg
1918,test,0112,2,base,0112_02.jpg
1919,test,0112,3,base,0112_03.jpg
1920,test,0112,4,base,0112_04.jpg
1921,test,0112,5,base,0112_05.jpg
1922,test,0112,6,base,0112_06.jpg
1923,test,0112,7,base,0112_07.jpg
1924,test,0112,8,base,0112_08.jpg
1925,test,0112,9,base,0112_09.jpg
1926,test,0112,10,base,0112_10.jpg
1927,test,0112,11,base,0112_11.jpg
1928,test,0112,12,base,0112_12.jpg
1929,test,0112,13,base,0112_13.jpg
1930,test,0112,14,base,0112_14.jpg
1931,test,0112,15,base,0112_15.jpg
1932,test,0112,16,base,0112_16.jpg
1933,test,0112,17,base,0112_17.jpg
1934,test,0112,18,base,0112_18.jpg
1935,test,0112,19,base,0112_19.jpg
1936,test,0112,20,base,0112_20.jpg
1937,test,0112,21,base,0112_21.jpg
1938,test,0112,22,base,0112_22.jpg
1939,test,0112,23,base,0112_23.jpg
1940,test,0113,1,base,0113_01.jpg
1941,test,0113,2,base,0113_02.jpg
1942,test,0113,3,base,0113_03.jpg
1943,test,0113,4,base,0113_04.jpg
1944,test,0113,5,base,0113_05.jpg
1945,test,0113,6,base,0113_06.jpg
1946,test,0113,7,base,0113_07.jpg
1947,test,0113,8,base,0113_08.jpg
1948,test,0113,9,base,0113_09.jpg
1949,test,0113,10,base,0113_10.jpg
1950,test,0113,11,base,0113_11.jpg
1951,test,0113,12,base,0113_12.jpg
1952,test,0113,13,base,0113_13.jpg
1953,test,0113,14,base,0113_14.jpg
1954,test,0113,15,base,0113_15.jpg
1955,test,0113,16,base,0113_16.jpg
1956,test,0113,17,base,0113_17.jpg
1957,test,0113,18,base,0113_18.jpg
1958,test,0113,19,base,0113_19.jpg
1959,test,0113,20,base,0113_20.jpg
1960,test,0113,21,base,0113_21.jpg
1961,test,0113,22,base,0113_22.jpg
1962,test,0113,23,base,0113_23.jpg
1963,test,0114,1,base,0114_01.jpg
1964,test,0114,2,base,0114_02.jpg
1965,test,0114,3,base,0114_03.jpg
1966,test,0114,4,base,0114_04.jpg
1967,test,0114,5,base,0114_05.jpg
1968,test,0114,6,base,0114_06.jpg
1969,test,0114,7,base,0114_07.jpg
1970,test,0114,8,base,0114_08.jpg
1971,test,0114,9,base,0114_09.jpg
1972,test,0114,10,base,0114_10.jpg
1973,test,0114,11,base,0114_11.jpg
1974,test,0114,12,base,0114_12.jpg
1975,test,0114,13,base,0114_13.jpg
1976,test,0114,14,base,0114_14.jpg
1977,test,0114,15,base,0114_15.jpg
1978,test,0114,16,base,0114_16.jpg
1979,test,0114,17,base,0114_17.jpg
1980,test,0114,18,base,0114_18.jpg
1981,test,0114,19,base,0114_19.jpg
1982,test,0114,20,base,0114_20.jpg
1983,test,0114,21,base,0114_21.jpg
1984,test,0114,22,base,0114_22.jpg
1985,test,0114,23,base,0114_23.jpg
1986,test,0115,1,base,0115_01.jpg
1987,test,0115,2,base,0115_02.jpg
1988,test,0115,3,base,0115_03.jpg
1989,test,0115,4,base,0115_04.jpg
1990,test,0115,5,base,0115_05.jpg
1991,test,0115,6,base,0115_06.jpg
1992,test,0115,7,base,0115_07.jpg
1993,test,0115,8,base,0115_08.jpg
1994,test,0115,9,base,0115_09.jpg
1995,test,0115,10,base,0115_10.jpg
1996,test,0115,11,base,0115_11.jpg
1997,test,0115,12,base,0115_12.jpg
1998,test,0115,13,base,0115_13.jpg
1999,test,0115,14,base,0115_14.jpg
2000,test,0115,15,base,0115_15.jpg
2001,test,0115,16,base,0115_16.jpg
2002,test,0115,17,base,0115_17.jpg
2003,test,0115,18,base,0115_18.jpg
2004,test,0115,19,base,0115_19.jpg
2005,test,0115,20,base,0115_20.jpg
2006,test,0115,21,base,0115_21.jpg
2007,test,0115,22,base,0115_22.jpg
2008,test,0115,23,base,0115_23.jpg
2009,test,0116,1,base,0116_01.jpg
2010,test,0116,2,base,0116_02.jpg
2011,test,0116,3,base,0116_03.jpg
2012,test,0116,4,base,0116_04.jpg
2013,test,0116,5,base,0116_05.jpg
2014,test,0116,6,base,0116_06.jpg
2015,test,0116,7,base,0116_07.jpg
2016,test,0116,8,base,0116_08.jpg
2017,test,0116,9,base,0116_09.jpg
2018,test,0116,10,base,0116_10.jpg
2019,test,0116,11,base,0116_11.jpg
2020,test,0116,12,base,0116_12.jpg
2021,test,0116,13,base,0116_13.jpg
2022,test,0116,14,base,0116_14.jpg
2023,test,0116,15,base,0116_15.jpg
2024,test,0116,16,base,0116_16.jpg
2025,test,0116,17,base,0116_17.jpg
2026,test,0116,18,base,0116_18.jpg
2027,test,0116,19,base,0116_19.jpg
2028,test,0116,20,base,0116_20.jpg
2029,test,0116,21,base,0116_21.jpg
2030,test,0116,22,base,0116_22.jpg
2031,test,0116,23,base,0116_23.jpg
2032,test,0117,1,base,0117_01.jpg
2033,test,0117,2,base,0117_02.jpg
2034,test,0117,3,base,0117_03.jpg
2035,test,0117,4,base,0117_04.jpg
2036,test,0117,5,base,0117_05.jpg
2037,test,0117,6,base,0117_06.jpg
2038,test,0117,7,base,0117_07.jpg
2039,test,0117,8,base,0117_08.jpg
2040,test,0117,9,base,0117_09.jpg
2041,test,0117,10,base,0117_10.jpg
2042,test,0117,11,base,0117_11.jpg
2043,test,0117,12,base,0117_12.jpg
2044,test,0117,13,base,0117_13.jpg
2045,test,0117,14,base,0117_14.jpg
2046,test,0117,15,base,0117_15.jpg
2047,test,0117,16,base,0117_16.jpg
2048,test,0117,17,base,0117_17.jpg
2049,test,0117,18,base,0117_18.jpg
2050,test,0117,19,base,0117_19.jpg
2051,test,0117,20,base,0117_20.jpg
2052,test,0117,21,base,0117_21.jpg
2053,test,0117,22,base,0117_22.jpg
2054,test,0117,23,base,0117_23.jpg
2055,train,0002,1,hf,0002_01_hf.jpg
2056,train,0002,1,vf,0002_01_vf.jpg
2057,train,0002,1,r90,0002_01_r90.jpg
2058,train,0002,1,gn,0002_01_gn.jpg
2059,train,0002,1,ba,0002_01_ba.jpg
2060,train,0002,2,hf,0002_02_hf.jpg
2061,train,0002,2,vf,0002_02_vf.jpg
2062,train,0002,2,r90,0002_02_r90.jpg
2063,train,0002,2,gn,0002_02_gn.jpg
2064,train,0002,2,ba,0002_02_ba.jpg
2065,train,0002,3,hf,0002_03_hf.jpg
2066,train,0002,3,vf,0002_03_vf.jpg
2067,train,0002,3,r90,0002_03_r90.jpg
2068,train,0002,3,gn,0002_03_gn.jpg
2069,train,0002,3,ba,0002_03_ba.jpg
2070,train,0002,4,hf,0002_04_hf.jpg
2071,train,0002,4,vf,0002_04_vf.jpg
2072,train,0002,4,r90,0002_04_r90.jpg
2073,train,0002,4,gn,0002_04_gn.jpg
2074,train,0002,4,ba,0002_04_ba.jpg
2075,train,0002,5,hf,0002_05_hf.jpg
2076,train,0002,5,vf,0002_05_vf.jpg
2077,train,0002,5,r90,0002_05_r90.jpg
2078,train,0002,5,gn,0002_05_gn.jpg
2079,train,0002,5,ba,0002_05_ba.jpg
2080,train,0002,6,hf,0002_06_hf.jpg
2081,train,0002,6,vf,0002_06_vf.jpg
2082,train,0002,6,r90,0002_06_r90.jpg
2083,train,0002,6,gn,0002_06_gn.jpg
2084,train,0002,6,ba,0002_06_ba.jpg
2085,train,0002,7,hf,0002_07_hf.jpg
2086,train,0002,7,vf,0002_07_vf.jpg
2087,train,0002,7,r90,0002_07_r90.jpg
2088,train,0002,7,gn,0002_07_gn.jpg
2089,train,0002,7,ba,0002_07_ba.jpg
2090,train,0002,8,hf,0002_08_hf.jpg
2091,train,0002,8,vf,0002_08_vf.jpg
2092,train,0002,8,r90,0002_08_r90.jpg
2093,train,0002,8,gn,0002_08_gn.jpg
2094,train,0002,8,ba,0002_08_ba.jpg
2095,train,0002,9,hf,0002_09_hf.jpg
2096,train,0002,9,vf,0002_09_vf.jpg
2097,train,0002,9,r90,0002_09_r90.jpg
2098,train,0002,9,gn,0002_09_gn.jpg
2099,train,0002,9,ba,0002_09_ba.jpg
2100,train,0002,10,hf,0002_10_hf.jpg
2101,train,0002,10,vf,0002_10_vf.jpg
2102,train,0002,10,r90,0002_10_r90.jpg
2103,train,0002,10,gn,0002_10_gn.jpg
2104,train,0002,10,ba,0002_10_ba.jpg
2105,train,0002,11,hf,0002_11_hf.jpg
2106,train,0002,11,vf,0002_11_vf.jpg
2107,train,0002,11,r90,0002_11_r90.jpg
2108,train,0002,11,gn,0002_11_gn.jpg
2109,train,0002,11,ba,0002_11_ba.jpg
2110,train,0002,12,hf,0002_12_hf.jpg
2111,train,0002,12,vf,0002_12_vf.jpg
2112,train,0002,12,r90,0002_12_r90.jpg
2113,train,0002,12,gn,0002_12_gn.jpg
2114,train,0002,12,ba,0002_12_ba.jpg
2115,train,0002,13,hf,0002_13_hf.jpg
2116,train,0002,13,vf,0002_13_vf.jpg
2117,train,0002,13,r90,0002_13_r90.jpg
2118,train,0002,13,gn,0002_13_gn.jpg
2119,train,0002,13,ba,0002_13_ba.jpg
2120,train,0002,14,hf,0002_14_hf.jpg
2121,train,0002,14,vf,0002_14_vf.jpg
2122,train,0002,14,r90,0002_14_r90.jpg
2123,train,0002,14,gn,0002_14_gn.jpg
2124,train,0002,14,ba,0002_14_ba.jpg
2125,train,0003,1,hf,0003_01_hf.jpg
2126,train,0003,1,vf,0003_01_vf.jpg
2127,train,0003,1,r90,0003_01_r90.jpg
2128,train,0003,1,gn,0003_01_gn.jpg
2129,train,0003,1,ba,0003_01_ba.jpg
2130,train,0003,2,hf,0003_02_hf.jpg
2131,train,0003,2,vf,0003_02_vf.jpg
2132,train,0003,2,r90,0003_02_r90.jpg
2133,train,0003,2,gn,0003_02_gn.jpg
2134,train,0003,2,ba,0003_02_ba.jpg
2135,train,0003,3,hf,0003_03_hf.jpg
2136,train,0003,3,vf,0003_03_vf.jpg
2137,train,0003,3,r90,0003_03_r90.jpg
2138,train,0003,3,gn,0003_03_gn.jpg
2139,train,0003,3,ba,0003_03_ba.jpg
2140,train,0003,4,hf,0003_04_hf.jpg
2141,train,0003,4,vf,0003_04_vf.jpg
2142,train,0003,4,r90,0003_04_r90.jpg
2143,train,0003,4,gn,0003_04_gn.jpg
2144,train,0003,4,ba,0003_04_ba.jpg
2145,train,0003,5,hf,0003_05_hf.jpg
2146,train,0003,5,vf,0003_05_vf.jpg
2147,train,0003,5,r90,0003_05_r90.jpg
2148,train,0003,5,gn,0003_05_gn.jpg
2149,train,0003,5,ba,0003_05_ba.jpg
2150,train,0003,6,hf,0003_06_hf.jpg
2151,train,0003,6,vf,0003_06_vf.jpg
2152,train,0003,6,r90,0003_06_r90.jpg
2153,train,0003,6,gn,0003_06_gn.jpg
2154,train,0003,6,ba,0003_06_ba.jpg
2155,train,0003,7,hf,0003_07_hf.jpg
2156,train,0003,7,vf,0003_07_vf.jpg
2157,train,0003,7,r90,0003_07_r90.jpg
2158,train,0003,7,gn,0003_07_gn.jpg
2159,train,0003,7,ba,0003_07_ba.jpg
2160,train,0003,8,hf,0003_08_hf.jpg
2161,train,0003,8,vf,0003_08_vf.jpg
2162,train,0003,8,r90,0003_08_r90.jpg
2163,train,0003,8,gn,0003_08_gn.jpg
2164,train,0003,8,ba,0003_08_ba.jpg
2165,train,0003,9,hf,0003_09_hf.jpg
2166,train,0003,9,vf,0003_09_vf.jpg
2167,train,0003,9,r90,0003_09_r90.jpg
2168,train,0003,9,gn,0003_09_gn.jpg
2169,train,0003,9,ba,0003_09_ba.jpg
2170,train,0003,10,hf,0003_10_hf.jpg
2171,train,0003,10,vf,0003_10_vf.jpg
2172,train,0003,10,r90,0003_10_r90.jpg
2173,train,0003,10,gn,0003_10_gn.jpg
2174,train,0003,10,ba,0003_10_ba.jpg
2175,train,0003,11,hf,0003_11_hf.jpg
2176,train,0003,11,vf,0003_11_vf.jpg
2177,train,0003,11,r90,0003_11_r90.jpg
2178,train,0003,11,gn,0003_11_gn.jpg
2179,train,0003,11,ba,0003_11_ba.jpg
2180,train,0003,12,hf,0003_12_hf.jpg
2181,train,0003,12,vf,0003_12_vf.jpg
2182,train,0003,12,r90,0003_12_r90.jpg
2183,train,0003,12,gn,0003_12_gn.jpg
2184,train,0003,12,ba,0003_12_ba.jpg
2185,train,0003,13,hf,0003_13_hf.jpg
2186,train,0003,13,vf,0003_13_vf.jpg
2187,train,0003,13,r90,0003_13_r90.jpg
2188,train,0003,13,gn,0003_13_gn.jpg
2189,train,0003,13,ba,0003_13_ba.jpg
2190,train,0003,14,hf,0003_14_hf.jpg
2191,train,0003,14,vf,0003_14_vf.jpg
2192,train,0003,14,r90,0003_14_r90.jpg
2193,train,0003,14,gn,0003_14_gn.jpg
2194,train,0003,14,ba,0003_14_ba.jpg
2195,train,0007,1,hf,0007_01_hf.jpg
2196,train,0007,1,vf,0007_01_vf.jpg
2197,train,0007,1,r90,0007_01_r90.jpg
2198,train,0007,1,gn,0007_01_gn.jpg
2199,train,0007,1,ba,0007_01_ba.jpg
2200,train,0007,2,hf,0007_02_hf.jpg
2201,train,0007,2,vf,0007_02_vf.jpg
2202,train,0007,2,r90,0007_02_r90.jpg
2203,train,0007,2,gn,0007_02_gn.jpg
2204,train,0007,2,ba,0007_02_ba.jpg
2205,train,0007,3,hf,0007_03_hf.jpg
2206,train,0007,3,vf,0007_03_vf.jpg
2207,train,0007,3,r90,0007_03_r90.jpg
2208,train,0007,3,gn,0007_03_gn.jpg
2209,train,0007,3,ba,0007_03_ba.jpg
2210,train,0007,4,hf,0007_04_hf.jpg
2211,train,0007,4,vf,0007_04_vf.jpg
2212,train,0007,4,r90,0007_04_r90.jpg
2213,train,0007,4,gn,0007_04_gn.jpg
2214,train,0007,4,ba,0007_04_ba.jpg
2215,train,0007,5,hf,0007_05_hf.jpg
2216,train,0007,5,vf,0007_05_vf.jpg
2217,train,0007,5,r90,0007_05_r90.jpg
2218,train,0007,5,gn,0007_05_gn.jpg
2219,train,0007,5,ba,0007_05_ba.jpg
2220,train,0007,6,hf,0007_06_hf.jpg
2221,train,0007,6,vf,0007_06_vf.jpg
2222,train,0007,6,r90,0007_06_r90.jpg
2223,train,0007,6,gn,0007_06_gn.jpg
2224,train,0007,6,ba,0007_06_ba.jpg
2225,train,0007,7,hf,0007_07_hf.jpg
2226,train,0007,7,vf,0007_07_vf.jpg
2227,train,0007,7,r90,0007_07_r90.jpg
2228,train,0007,7,gn,0007_07_gn.jpg
2229,train,0007,7,ba,0007_07_ba.jpg
2230,train,0007,8,hf,0007_08_hf.jpg
2231,train,0007,8,vf,0007_08_vf.jpg
2232,train,0007,8,r90,0007_08_r90.jpg
2233,train,0007,8,gn,0007_08_gn.jpg
2234,train,0007,8,ba,0007_08_ba.jpg
2235,train,0007,9,hf,0007_09_hf.jpg
2236,train,0007,9,vf,0007_09_vf.jpg
2237,train,0007,9,r90,0007_09_r90.jpg
2238,train,0007,9,gn,0007_09_gn.jpg
2239,train,0007,9,ba,0007_09_ba.jpg
2240,train,0007,10,hf,0007_10_hf.jpg
2241,train,0007,10,vf,0007_10_vf.jpg
2242,train,0007,10,r90,0007_10_r90.jpg
2243,train,0007,10,gn,0007_10_gn.jpg
2244,train,0007,10,ba,0007_10_ba.jpg
2245,train,0007,11,hf,0007_11_hf.jpg
2246,train,0007,11,vf,0007_11_vf.jpg
2247,train,0007,11,r90,0007_11_r90.jpg
2248,train,0007,11,gn,0007_11_gn.jpg
2249,train,0007,11,ba,0007_11_ba.jpg
2250,train,0007,12,hf,0007_12_hf.jpg
2251,train,0007,12,vf,0007_12_vf.jpg
2252,train,0007,12,r90,0007_12_r90.jpg
2253,train,0007,12,gn,0007_12_gn.jpg
2254,train,0007,12,ba,0007_12_ba.jpg
2255,train,0007,13,hf,0007_13_hf.jpg
2256,train,0007,13,vf,0007_13_vf.jpg
2257,train,0007,13,r90,0007_13_r90.jpg
2258,train,0007,13,gn,0007_13_gn.jpg
2259,train,0007,13,ba,0007_13_ba.jpg
2260,train,0007,14,hf,0007_14_hf.jpg
2261,train,0007,14,vf,0007_14_vf.jpg
2262,train,0007,14,r90,0007_14_r90.jpg
2263,train,0007,14,gn,0007_14_gn.jpg
2264,train,0007,14,ba,0007_14_ba.jpg
2265,train,0011,1,hf,0011_01_hf.jpg
2266,train,0011,1,vf,0011_01_vf.jpg
2267,train,0011,1,r90,0011_01_r90.jpg
2268,train,0011,1,gn,0011_01_gn.jpg
2269,train,0011,1,ba,0011_01_ba.jpg
2270,train,0011,2,hf,0011_02_hf.jpg
2271,train,0011,2,vf,0011_02_vf.jpg
2272,train,0011,2,r90,0011_02_r90.jpg
2273,train,0011,2,gn,0011_02_gn.jpg
2274,train,0011,2,ba,0011_02_ba.jpg
2275,train,0011,3,hf,0011_03_hf.jpg
2276,train,0011,3,vf,0011_03_vf.jpg
2277,train,0011,3,r90,0011_03_r90.jpg
2278,train,0011,3,gn,0011_03_gn.jpg
2279,train,0011,3,ba,0011_03_ba.jpg
2280,train,0011,4,hf,0011_04_hf.jpg
2281,train,0011,4,vf,0011_04_vf.jpg
2282,train,0011,4,r90,0011_04_r90.jpg
2283,train,0011,4,gn,0011_04_gn.jpg
2284,train,0011,4,ba,0011_04_ba.jpg
2285,train,0011,5,hf,0011_05_hf.jpg
2286,train,0011,5,vf,0011_05_vf.jpg
2287,train,0011,5,r90,0011_05_r90.jpg
2288,train,0011,5,gn,0011_05_gn.jpg
2289,train,0011,5,ba,0011_05_ba.jpg
2290,train,0011,6,hf,0011_06_hf.jpg
2291,train,0011,6,vf,0011_06_vf.jpg
2292,train,0011,6,r90,0011_06_r90.jpg
2293,train,0011,6,gn,0011_06_gn.jpg
2294,train,0011,6,ba,0011_06_ba.jpg
2295,train,0011,7,hf,0011_07_hf.jpg
2296,train,0011,7,vf,0011_07_vf.jpg
2297,train,0011,7,r90,0011_07_r90.jpg
2298,train,0011,7,gn,0011_07_gn.jpg
2299,train,0011,7,ba,0011_07_ba.jpg
2300,train,0011,8,hf,0011_08_hf.jpg
2301,train,0011,8,vf,0011_08_vf.jpg
2302,train,0011,8,r90,0011_08_r90.jpg
2303,train,0011,8,gn,0011_08_gn.jpg
2304,train,0011,8,ba,0011_08_ba.jpg
2305,train,0011,9,hf,0011_09_hf.jpg
2306,train,0011,9,vf,0011_09_vf.jpg
2307,train,0011,9,r90,0011_09_r90.jpg
2308,train,0011,9,gn,0011_09_gn.jpg
2309,train,0011,9,ba,0011_09_ba.jpg
2310,train,0011,10,hf,0011_10_hf.jpg
2311,train,0011,10,vf,0011_10_vf.jpg
2312,train,0011,10,r90,0011_10_r90.jpg
2313,train,0011,10,gn,0011_10_gn.jpg
2314,train,0011,10,ba,0011_10_ba.jpg
2315,train,0011,11,hf,0011_11_hf.jpg
2316,train,0011,11,vf,0011_11_vf.jpg
2317,train,0011,11,r90,0011_11_r90.jpg
2318,train,0011,11,gn,0011_11_gn.jpg
2319,train,0011,11,ba,0011_11_ba.jpg
2320,train,0011,12,hf,0011_12_hf.jpg
2321,train,0011,12,vf,0011_12_vf.jpg
2322,train,0011,12,r90,0011_12_r90.jpg
2323,train,0011,12,gn,0011_12_gn.jpg
2324,train,0011,12,ba,0011_12_ba.jpg
2325,train,0011,13,hf,0011_13_hf.jpg
2326,train,0011,13,vf,0011_13_vf.jpg
2327,train,0011,13,r90,0011_13_r90.jpg
2328,train,0011,13,gn,0011_13_gn.jpg
2329,train,0011,13,ba,0011_13_ba.jpg
2330,train,0011,14,hf,0011_14_hf.jpg
2331,train,0011,14,vf,0011_14_vf.jpg
2332,train,0011,14,r90,0011_14_r90.jpg
2333,train,0011,14,gn,0011_14_gn.jpg
2334,train,0011,14,ba,0011_14_ba.jpg
2335,train,0012,1,hf,0012_01_hf.jpg
2336,train,0012,1,vf,0012_01_vf.jpg
2337,train,0012,1,r90,0012_01_r90.jpg
2338,train,0012,1,gn,0012_01_gn.jpg
2339,train,0012,1,ba,0012_01_ba.jpg
2340,train,0012,2,hf,0012_02_hf.jpg
2341,train,0012,2,vf,0012_02_vf.jpg
2342,train,0012,2,r90,0012_02_r90.jpg
2343,train,0012,2,gn,0012_02_gn.jpg
2344,train,0012,2,ba,0012_02_ba.jpg
2345,train,0012,3,hf,0012_03_hf.jpg
2346,train,0012,3,vf,0012_03_vf.jpg
2347,train,0012,3,r90,0012_03_r90.jpg
2348,train,0012,3,gn,0012_03_gn.jpg
2349,train,0012,3,ba,0012_03_ba.jpg
2350,train,0012,4,hf,0012_04_hf.jpg
2351,train,0012,4,vf,0012_04_vf.jpg
2352,train,0012,4,r90,0012_04_r90.jpg
2353,train,0012,4,gn,0012_04_gn.jpg
2354,train,0012,4,ba,0012_04_ba.jpg
2355,train,0012,5,hf,0012_05_hf.jpg
2356,train,0012,5,vf,0012_05_vf.jpg
2357,train,0012,5,r90,0012_05_r90.jpg
2358,train,0012,5,gn,0012_05_gn.jpg
2359,train,0012,5,ba,0012_05_ba.jpg
2360,train,0012,6,hf,0012_06_hf.jpg
2361,train,0012,6,vf,0012_06_vf.jpg
2362,train,0012,6,r90,0012_06_r90.jpg
2363,train,0012,6,gn,0012_06_gn.jpg
2364,train,0012,6,ba,0012_06_ba.jpg
2365,train,0012,7,hf,0012_07_hf.jpg
2366,train,0012,7,vf,0012_07_vf.jpg
2367,train,0012,7,r90,0012_07_r90.jpg
2368,train,0012,7,gn,0012_07_gn.jpg
2369,train,0012,7,ba,0012_07_ba.jpg
2370,train,0012,8,hf,0012_08_hf.jpg
2371,train,0012,8,vf,0012_08_vf.jpg
2372,train,0012,8,r90,0012_08_r90.jpg
2373,train,0012,8,gn,0012_08_gn.jpg
2374,train,0012,8,ba,0012_08_ba.jpg
2375,train,0012,9,hf,0012_09_hf.jpg
2376,train,0012,9,vf,0012_09_vf.jpg
2377,train,0012,9,r90,0012_09_r90.jpg
2378,train,0012,9,gn,0012_09_gn.jpg
2379,train,0012,9,ba,0012_09_ba.jpg
2380,train,0012,10,hf,0012_10_hf.jpg
2381,train,0012,10,vf,0012_10_vf.jpg
2382,train,0012,10,r90,0012_10_r90.jpg
2383,train,0012,10,gn,0012_10_gn.jpg
2384,train,0012,10,ba,0012_10_ba.jpg
2385,train,0012,11,hf,0012_11_hf.jpg
2386,train,0012,11,vf,0012_11_vf.jpg
2387,train,0012,11,r90,0012_11_r90.jpg
2388,train,0012,11,gn,0012_11_gn.jpg
2389,train,0012,11,ba,0012_11_ba.jpg
2390,train,0013,1,hf,0013_01_hf.jpg
2391,train,0013,1,vf,0013_01_vf.jpg
2392,train,0013,1,r90,0013_01_r90.jpg
2393,train,0013,1,gn,0013_01_gn.jpg
2394,train,0013,1,ba,0013_01_ba.jpg
2395,train,0013,2,hf,0013_02_hf.jpg
2396,train,0013,2,vf,0013_02_vf.jpg
2397,train,0013,2,r90,0013_02_r90.jpg
2398,train,0013,2,gn,0013_02_gn.jpg
2399,train,0013,2,ba,0013_02_ba.jpg
2400,train,0013,3,hf,0013_03_hf.jpg
2401,train,0013,3,vf,0013_03_vf.jpg
2402,train,0013,3,r90,0013_03_r90.jpg
2403,train,0013,3,gn,0013_03_gn.jpg
2404,train,0013,3,ba,0013_03_ba.jpg
2405,train,0013,4,hf,0013_04_hf.jpg
2406,train,0013,4,vf,0013_04_vf.jpg
2407,train,0013,4,r90,0013_04_r90.jpg
2408,train,0013,4,gn,0013_04_gn.jpg
2409,train,0013,4,ba,0013_04_ba.jpg
2410,train,0013,5,hf,0013_05_hf.jpg
2411,train,0013,5,vf,0013_05_vf.jpg
2412,train,0013,5,r90,0013_05_r90.jpg
2413,train,0013,5,gn,0013_05_gn.jpg
2414,train,0013,5,ba,0013_05_ba.jpg
2415,train,0013,6,hf,0013_06_hf.jpg
2416,train,0013,6,vf,0013_06_vf.jpg
2417,train,0013,6,r90,0013_06_r90.jpg
2418,train,0013,6,gn,0013_06_gn.jpg
2419,train,0013,6,ba,0013_06_ba.jpg
2420,train,0013,7,hf,0013_07_hf.jpg
2421,train,0013,7,vf,0013_07_vf.jpg
2422,train,0013,7,r90,0013_07_r90.jpg
2423,train,0013,7,gn,0013_07_gn.jpg
2424,train,0013,7,ba,0013_07_ba.jpg
2425,train,0013,8,hf,0013_08_hf.jpg
2426,train,0013,8,vf,0013_08_vf.jpg
2427,train,0013,8,r90,0013_08_r90.jpg
2428,train,0013,8,gn,0013_08_gn.jpg
2429,train,0013,8,ba,0013_08_ba.jpg
2430,train,0013,9,hf,0013_09_hf.jpg
2431,train,0013,9,vf,0013_09_vf.jpg
2432,train,0013,9,r90,0013_09_r90.jpg
2433,train,0013,9,gn,0013_09_gn.jpg
2434,train,0013,9,ba,0013_09_ba.jpg
2435,train,0013,10,hf,0013_10_hf.jpg
2436,train,0013,10,vf,0013_10_vf.jpg
2437,train,0013,10,r90,0013_10_r90.jpg
2438,train,0013,10,gn,0013_10_gn.jpg
2439,train,0013,10,ba,0013_10_ba.jpg
2440,train,0013,11,hf,0013_11_hf.jpg
2441,train,0013,11,vf,0013_11_vf.jpg
2442,train,0013,11,r90,0013_11_r90.jpg
2443,train,0013,11,gn,0013_11_gn.jpg
2444,train,0013,11,ba,0013_11_ba.jpg
2445,train,0013,12,hf,0013_12_hf.jpg
2446,train,0013,12,vf,0013_12_vf.jpg
2447,train,0013,12,r90,0013_12_r90.jpg
2448,train,0013,12,gn,0013_12_gn.jpg
2449,train,0013,12,ba,0013_12_ba.jpg
2450,train,0013,13,hf,0013_13_hf.jpg
2451,train,0013,13,vf,0013_13_vf.jpg
2452,train,0013,13,r90,0013_13_r90.jpg
2453,train,0013,13,gn,0013_13_gn.jpg
2454,train,0013,13,ba,0013_13_ba.jpg
2455,train,0014,1,hf,0014_01_hf.jpg
2456,train,0014,1,vf,0014_01_vf.jpg
2457,train,0014,1,r90,0014_01_r90.jpg
2458,train,0014,1,gn,0014_01_gn.jpg
2459,train,0014,1,ba,0014_01_ba.jpg
2460,train,0014,2,hf,0014_02_hf.jpg
2461,train,0014,2,vf,0014_02_vf.jpg
2462,train,0014,2,r90,0014_02_r90.jpg
2463,train,0014,2,gn,0014_02_gn.jpg
2464,train,0014,2,ba,0014_02_ba.jpg
2465,train,0014,3,hf,0014_03_hf.jpg
2466,train,0014,3,vf,0014_03_vf.jpg
2467,train,0014,3,r90,0014_03_r90.jpg
2468,train,0014,3,gn,0014_03_gn.jpg
2469,train,0014,3,ba,0014_03_ba.jpg
2470,train,0014,4,hf,0014_04_hf.jpg
2471,train,0014,4,vf,0014_04_vf.jpg
2472,train,0014,4,r90,0014_04_r90.jpg
2473,train,0014,4,gn,0014_04_gn.jpg
2474,train,0014,4,ba,0014_04_ba.jpg
2475,train,0014,5,hf,0014_05_hf.jpg
2476,train,0014,5,vf,0014_05_vf.jpg
2477,train,0014,5,r90,0014_05_r90.jpg
2478,train,0014,5,gn,0014_05_gn.jpg
2479,train,0014,5,ba,0014_05_ba.jpg
2480,train,0014,6,hf,0014_06_hf.jpg
2481,train,0014,6,vf,0014_06_vf.jpg
2482,train,0014,6,r90,0014_06_r90.jpg
2483,train,0014,6,gn,0014_06_gn.jpg
2484,train,0014,6,ba,0014_06_ba.jpg
2485,train,0014,7,hf,0014_07_hf.jpg
2486,train,0014,7,vf,0014_07_vf.jpg
2487,train,0014,7,r90,0014_07_r90.jpg
2488,train,0014,7,gn,0014_07_gn.jpg
2489,train,0014,7,ba,0014_07_ba.jpg
2490,train,0014,8,hf,0014_08_hf.jpg
2491,train,0014,8,vf,0014_08_vf.jpg
2492,train,0014,8,r90,0014_08_r90.jpg
2493,train,0014,8,gn,0014_08_gn.jpg
2494,train,0014,8,ba,0014_08_ba.jpg
2495,train,0014,9,hf,0014_09_hf.jpg
2496,train,0014,9,vf,0014_09_vf.jpg
2497,train,0014,9,r90,0014_09_r90.jpg
2498,train,0014,9,gn,0014_09_gn.jpg
2499,train,0014,9,ba,0014_09_ba.jpg
2500,train,0014,10,hf,0014_10_hf.jpg
2501,train,0014,10,vf,0014_10_vf.jpg
2502,train,0014,10,r90,0014_10_r90.jpg
2503,train,0014,10,gn,0014_10_gn.jpg
2504,train,0014,10,ba,0014_10_ba.jpg
2505,train,0014,11,hf,0014_11_hf.jpg
2506,train,0014,11,vf,0014_11_vf.jpg
2507,train,0014,11,r90,0014_11_r90.jpg
2508,train,0014,11,gn,0014_11_gn.jpg
2509,train,0014,11,ba,0014_11_ba.jpg
2510,train,0014,12,hf,0014_12_hf.jpg
2511,train,0014,12,vf,0014_12_vf.jpg
2512,train,0014,12,r90,0014_12_r90.jpg
2513,train,0014,12,gn,0014_12_gn.jpg
2514,train,0014,12,ba,0014_12_ba.jpg
2515,train,0014,13,hf,0014_13_hf.jpg
2516,train,0014,13,vf,0014_13_vf.jpg
2517,train,0014,13,r90,0014_13_r90.jpg
2518,train,0014,13,gn,0014_13_gn.jpg
2519,train,0014,13,ba,0014_13_ba.jpg
2520,train,0014,14,hf,0014_14_hf.jpg
2521,train,0014,14,vf,0014_14_vf.jpg
2522,train,0014,14,r90,0014_14_r90.jpg
2523,train,0014,14,gn,0014_14_gn.jpg
2524,train,0014,14,ba,0014_14_ba.jpg
2525,train,0015,1,hf,0015_01_hf.jpg
2526,train,0015,1,vf,0015_01_vf.jpg
2527,train,0015,1,r90,0015_01_r90.jpg
2528,train,0015,1,gn,0015_01_gn.jpg
2529,train,0015,1,ba,0015_01_ba.jpg
2530,train,0015,2,hf,0015_02_hf.jpg
2531,train,0015,2,vf,0015_02_vf.jpg
2532,train,0015,2,r90,0015_02_r90.jpg
2533,train,0015,2,gn,0015_02_gn.jpg
2534,train,0015,2,ba,0015_02_ba.jpg
2535,train,0015,3,hf,0015_03_hf.jpg
2536,train,0015,3,vf,0015_03_vf.jpg
2537,train,0015,3,r90,0015_03_r90.jpg
2538,train,0015,3,gn,0015_03_gn.jpg
2539,train,0015,3,ba,0015_03_ba.jpg
2540,train,0015,4,hf,0015_04_hf.jpg
2541,train,0015,4,vf,0015_04_vf.jpg
2542,train,0015,4,r90,0015_04_r90.jpg
2543,train,0015,4,gn,0015_04_gn.jpg
2544,train,0015,4,ba,0015_04_ba.jpg
2545,train,0015,5,hf,0015_05_hf.jpg
2546,train,0015,5,vf,0015_05_vf.jpg
2547,train,0015,5,r90,0015_05_r90.jpg
2548,train,0015,5,gn,0015_05_gn.jpg
2549,train,0015,5,ba,0015_05_ba.jpg
2550,train,0015,6,hf,0015_06_hf.jpg
2551,train,0015,6,vf,0015_06_vf.jpg
2552,train,0015,6,r90,0015_06_r90.jpg
2553,train,0015,6,gn,0015_06_gn.jpg
2554,train,0015,6,ba,0015_06_ba.jpg
2555,train,0015,7,hf,0015_07_hf.jpg
2556,train,0015,7,vf,0015_07_vf.jpg
2557,train,0015,7,r90,0015_07_r90.jpg
2558,train,0015,7,gn,0015_07_gn.jpg
2559,train,0015,7,ba,0015_07_ba.jpg
2560,train,0015,8,hf,0015_08_hf.jpg
2561,train,0015,8,vf,0015_08_vf.jpg
2562,train,0015,8,r90,0015_08_r90.jpg
2563,train,0015,8,gn,0015_08_gn.jpg
2564,train,0015,8,ba,0015_08_ba.jpg
2565,train,0015,9,hf,0015_09_hf.jpg
2566,train,0015,9,vf,0015_09_vf.jpg
2567,train,0015,9,r90,0015_09_r90.jpg
2568,train,0015,9,gn,0015_09_gn.jpg
2569,train,0015,9,ba,0015_09_ba.jpg
2570,train,0015,10,hf,0015_10_hf.jpg
2571,train,0015,10,vf,0015_10_vf.jpg
2572,train,0015,10,r90,0015_10_r90.jpg
2573,train,0015,10,gn,0015_10_gn.jpg
2574,train,0015,10,ba,0015_10_ba.jpg
2575,train,0015,11,hf,0015_11_hf.jpg
2576,train,0015,11,vf,0015_11_vf.jpg
2577,train,0015,11,r90,0015_11_r90.jpg
2578,train,0015,11,gn,0015_11_gn.jpg
2579,train,0015,11,ba,0015_11_ba.jpg
2580,train,0015,12,hf,0015_12_hf.jpg
2581,train,0015,12,vf,0015_12_vf.jpg
2582,train,0015,12,r90,0015_12_r90.jpg
2583,train,0015,12,gn,0015_12_gn.jpg
2584,train,0015,12,ba,0015_12_ba.jpg
2585,train,0015,13,hf,0015_13_hf.jpg
2586,train,0015,13,vf,0015_13_vf.jpg
2587,train,0015,13,r90,0015_13_r90.jpg
2588,train,0015,13,gn,0015_13_gn.jpg
2589,train,0015,13,ba,0015_13_ba.jpg
2590,train,0015,14,hf,0015_14_hf.jpg
2591,train,0015,14,vf,0015_14_vf.jpg
2592,train,0015,14,r90,0015_14_r90.jpg
2593,train,0015,14,gn,0015_14_gn.jpg
2594,train,0015,14,ba,0015_14_ba.jpg
2595,train,0016,1,hf,0016_01_hf.jpg
2596,train,0016,1,vf,0016_01_vf.jpg
2597,train,0016,1,r90,0016_01_r90.jpg
2598,train,0016,1,gn,0016_01_gn.jpg
2599,train,0016,1,ba,0016_01_ba.jpg
2600,train,0016,2,hf,0016_02_hf.jpg
2601,train,0016,2,vf,0016_02_vf.jpg
2602,train,0016,2,r90,0016_02_r90.jpg
2603,train,0016,2,gn,0016_02_gn.jpg
2604,train,0016,2,ba,0016_02_ba.jpg
2605,train,0016,3,hf,0016_03_hf.jpg
2606,train,0016,3,vf,0016_03_vf.jpg
2607,train,0016,3,r90,0016_03_r90.jpg
2608,train,0016,3,gn,0016_03_gn.jpg
2609,train,0016,3,ba,0016_03_ba.jpg
2610,train,0016,4,hf,0016_04_hf.jpg
2611,train,0016,4,vf,0016_04_vf.jpg
2612,train,0016,4,r90,0016_04_r90.jpg
2613,train,0016,4,gn,0016_04_gn.jpg
2614,train,0016,4,ba,0016_04_ba.jpg
2615,train,0016,5,hf,0016_05_hf.jpg
2616,train,0016,5,vf,0016_05_vf.jpg
2617,train,0016,5,r90,0016_05_r90.jpg
2618,train,0016,5,gn,0016_05_gn.jpg
2619,train,0016,5,ba,0016_05_ba.jpg
2620,train,0016,6,hf,0016_06_hf.jpg
2621,train,0016,6,vf,0016_06_vf.jpg
2622,train,0016,6,r90,0016_06_r90.jpg
2623,train,0016,6,gn,0016_06_gn.jpg
2624,train,0016,6,ba,0016_06_ba.jpg
2625,train,0016,7,hf,0016_07_hf.jpg
2626,train,0016,7,vf,0016_07_vf.jpg
2627,train,0016,7,r90,0016_07_r90.jpg
2628,train,0016,7,gn,0016_07_gn.jpg
2629,train,0016,7,ba,0016_07_ba.jpg
2630,train,0016,8,hf,0016_08_hf.jpg
2631,train,0016,8,vf,0016_08_vf.jpg
2632,train,0016,8,r90,0016_08_r90.jpg
2633,train,0016,8,gn,0016_08_gn.jpg
2634,train,0016,8,ba,0016_08_ba.jpg
2635,train,0016,9,hf,0016_09_hf.jpg
2636,train,0016,9,vf,0016_09_vf.jpg
2637,train,0016,9,r90,0016_09_r90.jpg
2638,train,0016,9,gn,0016_09_gn.jpg
2639,train,0016,9,ba,0016_09_ba.jpg
2640,train,0016,10,hf,0016_10_hf.jpg
2641,train,0016,10,vf,0016_10_vf.jpg
2642,train,0016,10,r90,0016_10_r90.jpg
2643,train,0016,10,gn,0016_10_gn.jpg
2644,train,0016,10,ba,0016_10_ba.jpg
2645,train,0016,11,hf,0016_11_hf.jpg
2646,train,0016,11,vf,0016_11_vf.jpg
2647,train,0016,11,r90,0016_11_r90.jpg
2648,train,0016,11,gn,0016_11_gn.jpg
2649,train,0016,11,ba,0016_11_ba.jpg
2650,train,0016,12,hf,0016_12_hf.jpg
2651,train,0016,12,vf,0016_12_vf.jpg
2652,train,0016,12,r90,0016_12_r90.jpg
2653,train,0016,12,gn,0016_12_gn.jpg
2654,train,0016,12,ba,0016_12_ba.jpg
2655,train,0016,13,hf,0016_13_hf.jpg
2656,train,0016,13,vf,0016_13_vf.jpg
2657,train,0016,13,r90,0016_13_r90.jpg
2658,train,0016,13,gn,0016_13_gn.jpg
2659,train,0016,13,ba,0016_13_ba.jpg
2660,train,0016,14,hf,0016_14_hf.jpg
2661,train,0016,14,vf,0016_14_vf.jpg
2662,train,0016,14,r90,0016_14_r90.jpg
2663,train,0016,14,gn,0016_14_gn.jpg
2664,train,0016,14,ba,0016_14_ba.jpg
2665,train,0018,1,hf,0018_01_hf.jpg
2666,train,0018,1,vf,0018_01_vf.jpg
2667,train,0018,1,r90,0018_01_r90.jpg
2668,train,0018,1,gn,0018_01_gn.jpg
2669,train,0018,1,ba,0018_01_ba.jpg
2670,train,0018,2,hf,0018_02_hf.jpg
2671,train,0018,2,vf,0018_02_vf.jpg
2672,train,0018,2,r90,0018_02_r90.jpg
2673,train,0018,2,gn,0018_02_gn.jpg
2674,train,0018,2,ba,0018_02_ba.jpg
2675,train,0018,3,hf,0018_03_hf.jpg
2676,train,0018,3,vf,0018_03_vf.jpg
2677,train,0018,3,r90,0018_03_r90.jpg
2678,train,0018,3,gn,0018_03_gn.jpg
2679,train,0018,3,ba,0018_03_ba.jpg
2680,train,0018,4,hf,0018_04_hf.jpg
2681,train,0018,4,vf,0018_04_vf.jpg
2682,train,0018,4,r90,0018_04_r90.jpg
2683,train,0018,4,gn,0018_04_gn.jpg
2684,train,0018,4,ba,0018_04_ba.jpg
2685,train,0018,5,hf,0018_05_hf.jpg
2686,train,0018,5,vf,0018_05_vf.jpg
2687,train,0018,5,r90,0018_05_r90.jpg
2688,train,0018,5,gn,0018_05_gn.jpg
2689,train,0018,5,ba,0018_05_ba.jpg
2690,train,0018,6,hf,0018_06_hf.jpg
2691,train,0018,6,vf,0018_06_vf.jpg
2692,train,0018,6,r90,0018_06_r90.jpg
2693,train,0018,6,gn,0018_06_gn.jpg
2694,train,0018,6,ba,0018_06_ba.jpg
2695,train,0018,7,hf,0018_07_hf.jpg
2696,train,0018,7,vf,0018_07_vf.jpg
2697,train,0018,7,r90,0018_07_r90.jpg
2698,train,0018,7,gn,0018_07_gn.jpg
2699,train,0018,7,ba,0018_07_ba.jpg
2700,train,0018,8,hf,0018_08_hf.jpg
2701,train,0018,8,vf,0018_08_vf.jpg
2702,train,0018,8,r90,0018_08_r90.jpg
2703,train,0018,8,gn,0018_08_gn.jpg
2704,train,0018,8,ba,0018_08_ba.jpg
2705,train,0018,9,hf,0018_09_hf.jpg
2706,train,0018,9,vf,0018_09_vf.jpg
2707,train,0018,9,r90,0018_09_r90.jpg
2708,train,0018,9,gn,0018_09_gn.jpg
2709,train,0018,9,ba,0018_09_ba.jpg
2710,train,0018,10,hf,0018_10_hf.jpg
2711,train,0018,10,vf,0018_10_vf.jpg
2712,train,0018,10,r90,0018_10_r90.jpg
2713,train,0018,10,gn,0018_10_gn.jpg
2714,train,0018,10,ba,0018_10_ba.jpg
2715,train,0018,11,hf,0018_11_hf.jpg
2716,train,0018,11,vf,0018_11_vf.jpg
2717,train,0018,11,r90,0018_11_r90.jpg
2718,train,0018,11,gn,0018_11_gn.jpg
2719,train,0018,11,ba,0018_11_ba.jpg
2720,train,0018,12,hf,0018_12_hf.jpg
2721,train,0018,12,vf,0018_12_vf.jpg
2722,train,0018,12,r90,0018_12_r90.jpg
2723,train,0018,12,gn,0018_12_gn.jpg
2724,train,0018,12,ba,0018_12_ba.jpg
2725,train,0018,13,hf,0018_13_hf.jpg
2726,train,0018,13,vf,0018_13_vf.jpg
2727,train,0018,13,r90,0018_13_r90.jpg
2728,train,0018,13,gn,0018_13_gn.jpg
2729,train,0018,13,ba,0018_13_ba.jpg
2730,train,0018,14,hf,0018_14_hf.jpg
2731,train,0018,14,vf,0018_14_vf.jpg
2732,train,0018,14,r90,0018_14_r90.jpg
2733,train,0018,14,gn,0018_14_gn.jpg
2734,train,0018,14,ba,0018_14_ba.jpg
2735,train,0020,1,hf,0020_01_hf.jpg
2736,train,0020,1,vf,0020_01_vf.jpg
2737,train,0020,1,r90,0020_01_r90.jpg
2738,train,0020,1,gn,0020_01_gn.jpg
2739,train,0020,1,ba,0020_01_ba.jpg
2740,train,0020,2,hf,0020_02_hf.jpg
2741,train,0020,2,vf,0020_02_vf.jpg
2742,train,0020,2,r90,0020_02_r90.jpg
2743,train,0020,2,gn,0020_02_gn.jpg
2744,train,0020,2,ba,0020_02_ba.jpg
2745,train,0020,3,hf,0020_03_hf.jpg
2746,train,0020,3,vf,0020_03_vf.jpg
2747,train,0020,3,r90,0020_03_r90.jpg
2748,train,0020,3,gn,0020_03_gn.jpg
2749,train,0020,3,ba,0020_03_ba.jpg
2750,train,0020,4,hf,0020_04_hf.jpg
2751,train,0020,4,vf,0020_04_vf.jpg
2752,train,0020,4,r90,0020_04_r90.jpg
2753,train,0020,4,gn,0020_04_gn.jpg
2754,train,0020,4,ba,0020_04_ba.jpg
2755,train,0020,5,hf,0020_05_hf.jpg
2756,train,0020,5,vf,0020_05_vf.jpg
2757,train,0020,5,r90,0020_05_r90.jpg
2758,train,0020,5,gn,0020_05_gn.jpg
2759,train,0020,5,ba,0020_05_ba.jpg
2760,train,0020,6,hf,0020_06_hf.jpg
2761,train,0020,6,vf,0020_06_vf.jpg
2762,train,0020,6,r90,0020_06_r90.jpg
2763,train,0020,6,gn,0020_06_gn.jpg
2764,train,0020,6,ba,0020_06_ba.jpg
2765,train,0020,7,hf,0020_07_hf.jpg
2766,train,0020,7,vf,0020_07_vf.jpg
2767,train,0020,7,r90,0020_07_r90.jpg
2768,train,0020,7,gn,0020_07_gn.jpg
2769,train,0020,7,ba,0020_07_ba.jpg
2770,train,0020,8,hf,0020_08_hf.jpg
2771,train,0020,8,vf,0020_08_vf.jpg
2772,train,0020,8,r90,0020_08_r90.jpg
2773,train,0020,8,gn,0020_08_gn.jpg
2774,train,0020,8,ba,0020_08_ba.jpg
2775,train,0020,9,hf,0020_09_hf.jpg
2776,train,0020,9,vf,0020_09_vf.jpg
2777,train,0020,9,r90,0020_09_r90.jpg
2778,train,0020,9,gn,0020_09_gn.jpg
2779,train,0020,9,ba,0020_09_ba.jpg
2780,train,0020,10,hf,0020_10_hf.jpg
2781,train,0020,10,vf,0020_10_vf.jpg
2782,train,0020,10,r90,0020_10_r90.jpg
2783,train,0020,10,gn,0020_10_gn.jpg
2784,train,0020,10,ba,0020_10_ba.jpg
2785,train,0020,11,hf,0020_11_hf.jpg
2786,train,0020,11,vf,0020_11_vf.jpg
2787,train,0020,11,r90,0020_11_r90.jpg
2788,train,0020,11,gn,0020_11_gn.jpg
2789,train,0020,11,ba,0020_11_ba.jpg
2790,train,0020,12,hf,0020_12_hf.jpg
2791,train,0020,12,vf,0020_12_vf.jpg
2792,train,0020,12,r90,0020_12_r90.jpg
2793,train,0020,12,gn,0020_12_gn.jpg
2794,train,0020,12,ba,0020_12_ba.jpg
2795,train,0020,13,hf,0020_13_hf.jpg
2796,train,0020,13,vf,0020_13_vf.jpg
2797,train,0020,13,r90,0020_13_r90.jpg
2798,train,0020,13,gn,0020_13_gn.jpg
2799,train,0020,13,ba,0020_13_ba.jpg
2800,train,0020,14,hf,0020_14_hf.jpg
2801,train,0020,14,vf,0020_14_vf.jpg
2802,train,0020,14,r90,0020_14_r90.jpg
2803,train,0020,14,gn,0020_14_gn.jpg
2804,train,0020,14,ba,0020_14_ba.jpg
2805,train,0021,1,hf,0021_01_hf.jpg
2806,train,0021,1,vf,0021_01_vf.jpg
2807,train,0021,1,r90,0021_01_r90.jpg
2808,train,0021,1,gn,0021_01_gn.jpg
2809,train,0021,1,ba,0021_01_ba.jpg
2810,train,0021,2,hf,0021_02_hf.jpg
2811,train,0021,2,vf,0021_02_vf.jpg
2812,train,0021,2,r90,0021_02_r90.jpg
2813,train,0021,2,gn,0021_02_gn.jpg
2814,train,0021,2,ba,0021_02_ba.jpg
2815,train,0021,3,hf,0021_03_hf.jpg
2816,train,0021,3,vf,0021_03_vf.jpg
2817,train,0021,3,r90,0021_03_r90.jpg
2818,train,0021,3,gn,0021_03_gn.jpg
2819,train,0021,3,ba,0021_03_ba.jpg
2820,train,0021,4,hf,0021_04_hf.jpg
2821,train,0021,4,vf,0021_04_vf.jpg
2822,train,0021,4,r90,0021_04_r90.jpg
2823,train,0021,4,gn,0021_04_gn.jpg
2824,train,0021,4,ba,0021_04_ba.jpg
2825,train,0021,5,hf,0021_05_hf.jpg
2826,train,0021,5,vf,0021_05_vf.jpg
2827,train,0021,5,r90,0021_05_r90.jpg
2828,train,0021,5,gn,0021_05_gn.jpg
2829,train,0021,5,ba,0021_05_ba.jpg
2830,train,0021,6,hf,0021_06_hf.jpg
2831,train,0021,6,vf,0021_06_vf.jpg
2832,train,0021,6,r90,0021_06_r90.jpg
2833,train,0021,6,gn,0021_06_gn.jpg
2834,train,0021,6,ba,0021_06_ba.jpg
2835,train,0021,7,hf,0021_07_hf.jpg
2836,train,0021,7,vf,0021_07_vf.jpg
2837,train,0021,7,r90,0021_07_r90.jpg
2838,train,0021,7,gn,0021_07_gn.jpg
2839,train,0021,7,ba,0021_07_ba.jpg
2840,train,0021,8,hf,0021_08_hf.jpg
2841,train,0021,8,vf,0021_08_vf.jpg
2842,train,0021,8,r90,0021_08_r90.jpg
2843,train,0021,8,gn,0021_08_gn.jpg
2844,train,0021,8,ba,0021_08_ba.jpg
2845,train,0021,9,hf,0021_09_hf.jpg
2846,train,0021,9,vf,0021_09_vf.jpg
2847,train,0021,9,r90,0021_09_r90.jpg
2848,train,0021,9,gn,0021_09_gn.jpg
2849,train,0021,9,ba,0021_09_ba.jpg
2850,train,0021,10,hf,0021_10_hf.jpg
2851,train,0021,10,vf,0021_10_vf.jpg
2852,train,0021,10,r90,0021_10_r90.jpg
2853,train,0021,10,gn,0021_10_gn.jpg
2854,train,0021,10,ba,0021_10_ba.jpg
2855,train,0021,11,hf,0021_11_hf.jpg
2856,train,0021,11,vf,0021_11_vf.jpg
2857,train,0021,11,r90,0021_11_r90.jpg
2858,train,0021,11,gn,0021_11_gn.jpg
2859,train,0021,11,ba,0021_11_ba.jpg
2860,train,0021,12,hf,0021_12_hf.jpg
2861,train,0021,12,vf,0021_12_vf.jpg
2862,train,0021,12,r90,0021_12_r90.jpg
2863,train,0021,12,gn,0021_12_gn.jpg
2864,train,0021,12,ba,0021_12_ba.jpg
2865,train,0021,13,hf,0021_13_hf.jpg
2866,train,0021,13,vf,0021_13_vf.jpg
2867,train,0021,13,r90,0021_13_r90.jpg
2868,train,0021,13,gn,0021_13_gn.jpg
2869,train,0021,13,ba,0021_13_ba.jpg
2870,train,0021,14,hf,0021_14_hf.jpg
2871,train,0021,14,vf,0021_14_vf.jpg
2872,train,0021,14,r90,0021_14_r90.jpg
2873,train,0021,14,gn,0021_14_gn.jpg
2874,train,0021,14,ba,0021_14_ba.jpg
2875,train,0023,1,hf,0023_01_hf.jpg
2876,train,0023,1,vf,0023_01_vf.jpg
2877,train,0023,1,r90,0023_01_r90.jpg
2878,train,0023,1,gn,0023_01_gn.jpg
2879,train,0023,1,ba,0023_01_ba.jpg
2880,train,0023,2,hf,0023_02_hf.jpg
2881,train,0023,2,vf,0023_02_vf.jpg
2882,train,0023,2,r90,0023_02_r90.jpg
2883,train,0023,2,gn,0023_02_gn.jpg
2884,train,0023,2,ba,0023_02_ba.jpg
2885,train,0023,3,hf,0023_03_hf.jpg
2886,train,0023,3,vf,0023_03_vf.jpg
2887,train,0023,3,r90,0023_03_r90.jpg
2888,train,0023,3,gn,0023_03_gn.jpg
2889,train,0023,3,ba,0023_03_ba.jpg
2890,train,0023,4,hf,0023_04_hf.jpg
2891,train,0023,4,vf,0023_04_vf.jpg
2892,train,0023,4,r90,0023_04_r90.jpg
2893,train,0023,4,gn,0023_04_gn.jpg
2894,train,0023,4,ba,0023_04_ba.jpg
2895,train,0023,5,hf,0023_05_hf.jpg
2896,train,0023,5,vf,0023_05_vf.jpg
2897,train,0023,5,r90,0023_05_r90.jpg
2898,train,0023,5,gn,0023_05_gn.jpg
2899,train,0023,5,ba,0023_05_ba.jpg
2900,train,0023,6,hf,0023_06_hf.jpg
2901,train,0023,6,vf,0023_06_vf.jpg
2902,train,0023,6,r90,0023_06_r90.jpg
2903,train,0023,6,gn,0023_06_gn.jpg
2904,train,0023,6,ba,0023_06_ba.jpg
2905,train,0023,7,hf,0023_07_hf.jpg
2906,train,0023,7,vf,0023_07_vf.jpg
2907,train,0023,7,r90,0023_07_r90.jpg
2908,train,0023,7,gn,0023_07_gn.jpg
2909,train,0023,7,ba,0023_07_ba.jpg
2910,train,0023,8,hf,0023_08_hf.jpg
2911,train,0023,8,vf,0023_08_vf.jpg
2912,train,0023,8,r90,0023_08_r90.jpg
2913,train,0023,8,gn,0023_08_gn.jpg
2914,train,0023,8,ba,0023_08_ba.jpg
2915,train,0023,9,hf,0023_09_hf.jpg
2916,train,0023,9,vf,0023_09_vf.jpg
2917,train,0023,9,r90,0023_09_r90.jpg
2918,train,0023,9,gn,0023_09_gn.jpg
2919,train,0023,9,ba,0023_09_ba.jpg
2920,train,0023,10,hf,0023_10_hf.jpg
2921,train,0023,10,vf,0023_10_vf.jpg
2922,train,0023,10,r90,0023_10_r90.jpg
2923,train,0023,10,gn,0023_10_gn.jpg
2924,train,0023,10,ba,0023_10_ba.jpg
2925,train,0023,11,hf,0023_11_hf.jpg
2926,train,0023,11,vf,0023_11_vf.jpg
2927,train,0023,11,r90,0023_11_r90.jpg
2928,train,0023,11,gn,0023_11_gn.jpg
2929,train,0023,11,ba,0023_11_ba.jpg
2930,train,0023,12,hf,0023_12_hf.jpg
2931,train,0023,12,vf,0023_12_vf.jpg
2932,train,0023,12,r90,0023_12_r90.jpg
2933,train,0023,12,gn,0023_12_gn.jpg
2934,train,0023,12,ba,0023_12_ba.jpg
2935,train,0023,13,hf,0023_13_hf.jpg
2936,train,0023,13,vf,0023_13_vf.jpg
2937,train,0023,13,r90,0023_13_r90.jpg
2938,train,0023,13,gn,0023_13_gn.jpg
2939,train,0023,13,ba,0023_13_ba.jpg
2940,train,0023,14,hf,0023_14_hf.jpg
2941,train,0023,14,vf,0023_14_vf.jpg
2942,train,0023,14,r90,0023_14_r90.jpg
2943,train,0023,14,gn,0023_14_gn.jpg
2944,train,0023,14,ba,0023_14_ba.jpg
2945,train,0024,1,hf,0024_01_hf.jpg
2946,train,0024,1,vf,0024_01_vf.jpg
2947,train,0024,1,r90,0024_01_r90.jpg
2948,train,0024,1,gn,0024_01_gn.jpg
2949,train,0024,1,ba,0024_01_ba.jpg
2950,train,0024,2,hf,0024_02_hf.jpg
2951,train,0024,2,vf,0024_02_vf.jpg
2952,train,0024,2,r90,0024_02_r90.jpg
2953,train,0024,2,gn,0024_02_gn.jpg
2954,train,0024,2,ba,0024_02_ba.jpg
2955,train,0024,3,hf,0024_03_hf.jpg
2956,train,0024,3,vf,0024_03_vf.jpg
2957,train,0024,3,r90,0024_03_r90.jpg
2958,train,0024,3,gn,0024_03_gn.jpg
2959,train,0024,3,ba,0024_03_ba.jpg
2960,train,0024,4,hf,0024_04_hf.jpg
2961,train,0024,4,vf,0024_04_vf.jpg
2962,train,0024,4,r90,0024_04_r90.jpg
2963,train,0024,4,gn,0024_04_gn.jpg
2964,train,0024,4,ba,0024_04_ba.jpg
2965,train,0024,5,hf,0024_05_hf.jpg
2966,train,0024,5,vf,0024_05_vf.jpg
2967,train,0024,5,r90,0024_05_r90.jpg
2968,train,0024,5,gn,0024_05_gn.jpg
2969,train,0024,5,ba,0024_05_ba.jpg
2970,train,0024,6,hf,0024_06_hf.jpg
2971,train,0024,6,vf,0024_06_vf.jpg
2972,train,0024,6,r90,0024_06_r90.jpg
2973,train,0024,6,gn,0024_06_gn.jpg
2974,train,0024,6,ba,0024_06_ba.jpg
2975,train,0024,7,hf,0024_07_hf.jpg
2976,train,0024,7,vf,0024_07_vf.jpg
2977,train,0024,7,r90,0024_07_r90.jpg
2978,train,0024,7,gn,0024_07_gn.jpg
2979,train,0024,7,ba,0024_07_ba.jpg
2980,train,0024,8,hf,0024_08_hf.jpg
2981,train,0024,8,vf,0024_08_vf.jpg
2982,train,0024,8,r90,0024_08_r90.jpg
2983,train,0024,8,gn,0024_08_gn.jpg
2984,train,0024,8,ba,0024_08_ba.jpg
2985,train,0024,9,hf,0024_09_hf.jpg
2986,train,0024,9,vf,0024_09_vf.jpg
2987,train,0024,9,r90,0024_09_r90.jpg
2988,train,0024,9,gn,0024_09_gn.jpg
2989,train,0024,9,ba,0024_09_ba.jpg
2990,train,0024,10,hf,0024_10_hf.jpg
2991,train,0024,10,vf,0024_10_vf.jpg
2992,train,0024,10,r90,0024_10_r90.jpg
2993,train,0024,10,gn,0024_10_gn.jpg
2994,train,0024,10,ba,0024_10_ba.jpg
2995,train,0024,11,hf,0024_11_hf.jpg
2996,train,0024,11,vf,0024_11_vf.jpg
2997,train,0024,11,r90,0024_11_r90.jpg
2998,train,0024,11,gn,0024_11_gn.jpg
2999,train,0024,11,ba,0024_11_ba.jpg
3000,train,0024,12,hf,0024_12_hf.jpg
3001,train,0024,12,vf,0024_12_vf.jpg
3002,train,0024,12,r90,0024_12_r90.jpg
3003,train,0024,12,gn,0024_12_gn.jpg
3004,train,0024,12,ba,0024_12_ba.jpg
3005,train,0024,13,hf,0024_13_hf.jpg
3006,train,0024,13,vf,0024_13_vf.jpg
3007,train,0024,13,r90,0024_13_r90.jpg
3008,train,0024,13,gn,0024_13_gn.jpg
3009,train,0024,13,ba,0024_13_ba.jpg
3010,train,0024,14,hf,0024_14_hf.jpg
3011,train,0024,14,vf,0024_14_vf.jpg
3012,train,0024,14,r90,0024_14_r90.jpg
3013,train,0024,14,gn,0024_14_gn.jpg
3014,train,0024,14,ba,0024_14_ba.jpg
3015,train,0026,1,hf,0026_01_hf.jpg
3016,train,0026,1,vf,0026_01_vf.jpg
3017,train,0026,1,r90,0026_01_r90.jpg
3018,train,0026,1,gn,0026_01_gn.jpg
3019,train,0026,1,ba,0026_01_ba.jpg
3020,train,0026,2,hf,0026_02_hf.jpg
3021,train,0026,2,vf,0026_02_vf.jpg
3022,train,0026,2,r90,0026_02_r90.jpg
3023,train,0026,2,gn,0026_02_gn.jpg
3024,train,0026,2,ba,0026_02_ba.jpg
3025,train,0026,3,hf,0026_03_hf.jpg
3026,train,0026,3,vf,0026_03_vf.jpg
3027,train,0026,3,r90,0026_03_r90.jpg
3028,train,0026,3,gn,0026_03_gn.jpg
3029,train,0026,3,ba,0026_03_ba.jpg
3030,train,0026,4,hf,0026_04_hf.jpg
3031,train,0026,4,vf,0026_04_vf.jpg
3032,train,0026,4,r90,0026_04_r90.jpg
3033,train,0026,4,gn,0026_04_gn.jpg
3034,train,0026,4,ba,0026_04_ba.jpg
3035,train,0026,5,hf,0026_05_hf.jpg
3036,train,0026,5,vf,0026_05_vf.jpg
3037,train,0026,5,r90,0026_05_r90.jpg
3038,train,0026,5,gn,0026_05_gn.jpg
3039,train,0026,5,ba,0026_05_ba.jpg
3040,train,0026,6,hf,0026_06_hf.jpg
3041,train,0026,6,vf,0026_06_vf.jpg
3042,train,0026,6,r90,0026_06_r90.jpg
3043,train,0026,6,gn,0026_06_gn.jpg
3044,train,0026,6,ba,0026_06_ba.jpg
3045,train,0026,7,hf,0026_07_hf.jpg
3046,train,0026,7,vf,0026_07_vf.jpg
3047,train,0026,7,r90,0026_07_r90.jpg
3048,train,0026,7,gn,0026_07_gn.jpg
3049,train,0026,7,ba,0026_07_ba.jpg
3050,train,0026,8,hf,0026_08_hf.jpg
3051,train,0026,8,vf,0026_08_vf.jpg
3052,train,0026,8,r90,0026_08_r90.jpg
3053,train,0026,8,gn,0026_08_gn.jpg
3054,train,0026,8,ba,0026_08_ba.jpg
3055,train,0026,9,hf,0026_09_hf.jpg
3056,train,0026,9,vf,0026_09_vf.jpg
3057,train,0026,9,r90,0026_09_r90.jpg
3058,train,0026,9,gn,0026_09_gn.jpg
3059,train,0026,9,ba,0026_09_ba.jpg
3060,train,0026,10,hf,0026_10_hf.jpg
3061,train,0026,10,vf,0026_10_vf.jpg
3062,train,0026,10,r90,0026_10_r90.jpg
3063,train,0026,10,gn,0026_10_gn.jpg
3064,train,0026,10,ba,0026_10_ba.jpg
3065,train,0026,11,hf,0026_11_hf.jpg
3066,train,0026,11,vf,0026_11_vf.jpg
3067,train,0026,11,r90,0026_11_r90.jpg
3068,train,0026,11,gn,0026_11_gn.jpg
3069,train,0026,11,ba,0026_11_ba.jpg
3070,train,0026,12,hf,0026_12_hf.jpg
3071,train,0026,12,vf,0026_12_vf.jpg
3072,train,0026,12,r90,0026_12_r90.jpg
3073,train,0026,12,gn,0026_12_gn.jpg
3074,train,0026,12,ba,0026_12_ba.jpg
3075,train,0026,13,hf,0026_13_hf.jpg
3076,train,0026,13,vf,0026_13_vf.jpg
3077,train,0026,13,r90,0026_13_r90.jpg
3078,train,0026,13,gn,0026_13_gn.jpg
3079,train,0026,13,ba,0026_13_ba.jpg
3080,train,0026,14,hf,0026_14_hf.jpg
3081,train,0026,14,vf,0026_14_vf.jpg
3082,train,0026,14,r90,0026_14_r90.jpg
3083,train,0026,14,gn,0026_14_gn.jpg
3084,train,0026,14,ba,0026_14_ba.jpg
3085,train,0027,1,hf,0027_01_hf.jpg
3086,train,0027,1,vf,0027_01_vf.jpg
3087,train,0027,1,r90,0027_01_r90.jpg
3088,train,0027,1,gn,0027_01_gn.jpg
3089,train,0027,1,ba,0027_01_ba.jpg
3090,train,0027,2,hf,0027_02_hf.jpg
3091,train,0027,2,vf,0027_02_vf.jpg
3092,train,0027,2,r90,0027_02_r90.jpg
3093,train,0027,2,gn,0027_02_gn.jpg
3094,train,0027,2,ba,0027_02_ba.jpg
3095,train,0027,3,hf,0027_03_hf.jpg
3096,train,0027,3,vf,0027_03_vf.jpg
3097,train,0027,3,r90,0027_03_r90.jpg
3098,train,0027,3,gn,0027_03_gn.jpg
3099,train,0027,3,ba,0027_03_ba.jpg
3100,train,0027,4,hf,0027_04_hf.jpg
3101,train,0027,4,vf,0027_04_vf.jpg
3102,train,0027,4,r90,0027_04_r90.jpg
3103,train,0027,4,gn,0027_04_gn.jpg
3104,train,0027,4,ba,0027_04_ba.jpg
3105,train,0027,5,hf,0027_05_hf.jpg
3106,train,0027,5,vf,0027_05_vf.jpg
3107,train,0027,5,r90,0027_05_r90.jpg
3108,train,0027,5,gn,0027_05_gn.jpg
3109,train,0027,5,ba,0027_05_ba.jpg
3110,train,0027,6,hf,0027_06_hf.jpg
3111,train,0027,6,vf,0027_06_vf.jpg
3112,train,0027,6,r90,0027_06_r90.jpg
3113,train,0027,6,gn,0027_06_gn.jpg
3114,train,0027,6,ba,0027_06_ba.jpg
3115,train,0027,7,hf,0027_07_hf.jpg
3116,train,0027,7,vf,0027_07_vf.jpg
3117,train,0027,7,r90,0027_07_r90.jpg
3118,train,0027,7,gn,0027_07_gn.jpg
3119,train,0027,7,ba,0027_07_ba.jpg
3120,train,0027,8,hf,0027_08_hf.jpg
3121,train,0027,8,vf,0027_08_vf.jpg
3122,train,0027,8,r90,0027_08_r90.jpg
3123,train,0027,8,gn,0027_08_gn.jpg
3124,train,0027,8,ba,0027_08_ba.jpg
3125,train,0027,9,hf,0027_09_hf.jpg
3126,train,0027,9,vf,0027_09_vf.jpg
3127,train,0027,9,r90,0027_09_r90.jpg
3128,train,0027,9,gn,0027_09_gn.jpg
3129,train,0027,9,ba,0027_09_ba.jpg
3130,train,0027,10,hf,0027_10_hf.jpg
3131,train,0027,10,vf,0027_10_vf.jpg
3132,train,0027,10,r90,0027_10_r90.jpg
3133,train,0027,10,gn,0027_10_gn.jpg
3134,train,0027,10,ba,0027_10_ba.jpg
3135,train,0027,11,hf,0027_11_hf.jpg
3136,train,0027,11,vf,0027_11_vf.jpg
3137,train,0027,11,r90,0027_11_r90.jpg
3138,train,0027,11,gn,0027_11_gn.jpg
3139,train,0027,11,ba,0027_11_ba.jpg
3140,train,0027,12,hf,0027_12_hf.jpg
3141,train,0027,12,vf,0027_12_vf.jpg
3142,train,0027,12,r90,0027_12_r90.jpg
3143,train,0027,12,gn,0027_12_gn.jpg
3144,train,0027,12,ba,0027_12_ba.jpg
3145,train,0027,13,hf,0027_13_hf.jpg
3146,train,0027,13,vf,0027_13_vf.jpg
3147,train,0027,13,r90,0027_13_r90.jpg
3148,train,0027,13,gn,0027_13_gn.jpg
3149,train,0027,13,ba,0027_13_ba.jpg
3150,train,0027,14,hf,0027_14_hf.jpg
3151,train,0027,14,vf,0027_14_vf.jpg
3152,train,0027,14,r90,0027_14_r90.jpg
3153,train,0027,14,gn,0027_14_gn.jpg
3154,train,0027,14,ba,0027_14_ba.jpg
3155,train,0028,1,hf,0028_01_hf.jpg
3156,train,0028,1,vf,0028_01_vf.jpg
3157,train,0028,1,r90,0028_01_r90.jpg
3158,train,0028,1,gn,0028_01_gn.jpg
3159,train,0028,1,ba,0028_01_ba.jpg
3160,train,0028,2,hf,0028_02_hf.jpg
3161,train,0028,2,vf,0028_02_vf.jpg
3162,train,0028,2,r90,0028_02_r90.jpg
3163,train,0028,2,gn,0028_02_gn.jpg
3164,train,0028,2,ba,0028_02_ba.jpg
3165,train,0028,3,hf,0028_03_hf.jpg
3166,train,0028,3,vf,0028_03_vf.jpg
3167,train,0028,3,r90,0028_03_r90.jpg
3168,train,0028,3,gn,0028_03_gn.jpg
3169,train,0028,3,ba,0028_03_ba.jpg
3170,train,0028,4,hf,0028_04_hf.jpg
3171,train,0028,4,vf,0028_04_vf.jpg
3172,train,0028,4,r90,0028_04_r90.jpg
3173,train,0028,4,gn,0028_04_gn.jpg
3174,train,0028,4,ba,0028_04_ba.jpg
3175,train,0028,5,hf,0028_05_hf.jpg
3176,train,0028,5,vf,0028_05_vf.jpg
3177,train,0028,5,r90,0028_05_r90.jpg
3178,train,0028,5,gn,0028_05_gn.jpg
3179,train,0028,5,ba,0028_05_ba.jpg
3180,train,0028,6,hf,0028_06_hf.jpg
3181,train,0028,6,vf,0028_06_vf.jpg
3182,train,0028,6,r90,0028_06_r90.jpg
3183,train,0028,6,gn,0028_06_gn.jpg
3184,train,0028,6,ba,0028_06_ba.jpg
3185,train,0028,7,hf,0028_07_hf.jpg
3186,train,0028,7,vf,0028_07_vf.jpg
3187,train,0028,7,r90,0028_07_r90.jpg
3188,train,0028,7,gn,0028_07_gn.jpg
3189,train,0028,7,ba,0028_07_ba.jpg
3190,train,0028,8,hf,0028_08_hf.jpg
3191,train,0028,8,vf,0028_08_vf.jpg
3192,train,0028,8,r90,0028_08_r90.jpg
3193,train,0028,8,gn,0028_08_gn.jpg
3194,train,0028,8,ba,0028_08_ba.jpg
3195,train,0028,9,hf,0028_09_hf.jpg
3196,train,0028,9,vf,0028_09_vf.jpg
3197,train,0028,9,r90,0028_09_r90.jpg
3198,train,0028,9,gn,0028_09_gn.jpg
3199,train,0028,9,ba,0028_09_ba.jpg
3200,train,0028,10,hf,0028_10_hf.jpg
3201,train,0028,10,vf,0028_10_vf.jpg
3202,train,0028,10,r90,0028_10_r90.jpg
3203,train,0028,10,gn,0028_10_gn.jpg
3204,train,0028,10,ba,0028_10_ba.jpg
3205,train,0028,11,hf,0028_11_hf.jpg
3206,train,0028,11,vf,0028_11_vf.jpg
3207,train,0028,11,r90,0028_11_r90.jpg
3208,train,0028,11,gn,0028_11_gn.jpg
3209,train,0028,11,ba,0028_11_ba.jpg
3210,train,0028,12,hf,0028_12_hf.jpg
3211,train,0028,12,vf,0028_12_vf.jpg
3212,train,0028,12,r90,0028_12_r90.jpg
3213,train,0028,12,gn,0028_12_gn.jpg
3214,train,0028,12,ba,0028_12_ba.jpg
3215,train,0028,13,hf,0028_13_hf.jpg
3216,train,0028,13,vf,0028_13_vf.jpg
3217,train,0028,13,r90,0028_13_r90.jpg
3218,train,0028,13,gn,0028_13_gn.jpg
3219,train,0028,13,ba,0028_13_ba.jpg
3220,train,0028,14,hf,0028_14_hf.jpg
3221,train,0028,14,vf,0028_14_vf.jpg
3222,train,0028,14,r90,0028_14_r90.jpg
3223,train,0028,14,gn,0028_14_gn.jpg
3224,train,0028,14,ba,0028_14_ba.jpg
3225,train,0029,1,hf,0029_01_hf.jpg
3226,train,0029,1,vf,0029_01_vf.jpg
3227,train,0029,1,r90,0029_01_r90.jpg
3228,train,0029,1,gn,0029_01_gn.jpg
3229,train,0029,1,ba,0029_01_ba.jpg
3230,train,0029,2,hf,0029_02_hf.jpg
3231,train,0029,2,vf,0029_02_vf.jpg
3232,train,0029,2,r90,0029_02_r90.jpg
3233,train,0029,2,gn,0029_02_gn.jpg
3234,train,0029,2,ba,0029_02_ba.jpg
3235,train,0029,3,hf,0029_03_hf.jpg
3236,train,0029,3,vf,0029_03_vf.jpg
3237,train,0029,3,r90,0029_03_r90.jpg
3238,train,0029,3,gn,0029_03_gn.jpg
3239,train,0029,3,ba,0029_03_ba.jpg
3240,train,0029,4,hf,0029_04_hf.jpg
3241,train,0029,4,vf,0029_04_vf.jpg
3242,train,0029,4,r90,0029_04_r90.jpg
3243,train,0029,4,gn,0029_04_gn.jpg
3244,train,0029,4,ba,0029_04_ba.jpg
3245,train,0029,5,hf,0029_05_hf.jpg
3246,train,0029,5,vf,0029_05_vf.jpg
3247,train,0029,5,r90,0029_05_r90.jpg
3248,train,0029,5,gn,0029_05_gn.jpg
3249,train,0029,5,ba,0029_05_ba.jpg
3250,train,0029,6,hf,0029_06_hf.jpg
3251,train,0029,6,vf,0029_06_vf.jpg
3252,train,0029,6,r90,0029_06_r90.jpg
3253,train,0029,6,gn,0029_06_gn.jpg
3254,train,0029,6,ba,0029_06_ba.jpg
3255,train,0029,7,hf,0029_07_hf.jpg
3256,train,0029,7,vf,0029_07_vf.jpg
3257,train,0029,7,r90,0029_07_r90.jpg
3258,train,0029,7,gn,0029_07_gn.jpg
3259,train,0029,7,ba,0029_07_ba.jpg
3260,train,0029,8,hf,0029_08_hf.jpg
3261,train,0029,8,vf,0029_08_vf.jpg
3262,train,0029,8,r90,0029_08_r90.jpg
3263,train,0029,8,gn,0029_08_gn.jpg
3264,train,0029,8,ba,0029_08_ba.jpg
3265,train,0029,9,hf,0029_09_hf.jpg
3266,train,0029,9,vf,0029_09_vf.jpg
3267,train,0029,9,r90,0029_09_r90.jpg
3268,train,0029,9,gn,0029_09_gn.jpg
3269,train,0029,9,ba,0029_09_ba.jpg
3270,train,0029,10,hf,0029_10_hf.jpg
3271,train,0029,10,vf,0029_10_vf.jpg
3272,train,0029,10,r90,0029_10_r90.jpg
3273,train,0029,10,gn,0029_10_gn.jpg
3274,train,0029,10,ba,0029_10_ba.jpg
3275,train,0029,11,hf,0029_11_hf.jpg
3276,train,0029,11,vf,0029_11_vf.jpg
3277,train,0029,11,r90,0029_11_r90.jpg
3278,train,0029,11,gn,0029_11_gn.jpg
3279,train,0029,11,ba,0029_11_ba.jpg
3280,train,0029,12,hf,0029_12_hf.jpg
3281,train,0029,12,vf,0029_12_vf.jpg
3282,train,0029,12,r90,0029_12_r90.jpg
3283,train,0029,12,gn,0029_12_gn.jpg
3284,train,0029,12,ba,0029_12_ba.jpg
3285,train,0029,13,hf,0029_13_hf.jpg
3286,train,0029,13,vf,0029_13_vf.jpg
3287,train,0029,13,r90,0029_13_r90.jpg
3288,train,0029,13,gn,0029_13_gn.jpg
3289,train,0029,13,ba,0029_13_ba.jpg
3290,train,0029,14,hf,0029_14_hf.jpg
3291,train,0029,14,vf,0029_14_vf.jpg
3292,train,0029,14,r90,0029_14_r90.jpg
3293,train,0029,14,gn,0029_14_gn.jpg
3294,train,0029,14,ba,0029_14_ba.jpg
3295,train,0031,1,hf,0031_01_hf.jpg
3296,train,0031,1,vf,0031_01_vf.jpg
3297,train,0031,1,r90,0031_01_r90.jpg
3298,train,0031,1,gn,0031_01_gn.jpg
3299,train,0031,1,ba,0031_01_ba.jpg
3300,train,0031,2,hf,0031_02_hf.jpg
3301,train,0031,2,vf,0031_02_vf.jpg
3302,train,0031,2,r90,0031_02_r90.jpg
3303,train,0031,2,gn,0031_02_gn.jpg
3304,train,0031,2,ba,0031_02_ba.jpg
3305,train,0031,3,hf,0031_03_hf.jpg
3306,train,0031,3,vf,0031_03_vf.jpg
3307,train,0031,3,r90,0031_03_r90.jpg
3308,train,0031,3,gn,0031_03_gn.jpg
3309,train,0031,3,ba,0031_03_ba.jpg
3310,train,0031,4,hf,0031_04_hf.jpg
3311,train,0031,4,vf,0031_04_vf.jpg
3312,train,0031,4,r90,0031_04_r90.jpg
3313,train,0031,4,gn,0031_04_gn.jpg
3314,train,0031,4,ba,0031_04_ba.jpg
3315,train,0031,5,hf,0031_05_hf.jpg
3316,train,0031,5,vf,0031_05_vf.jpg
3317,train,0031,5,r90,0031_05_r90.jpg
3318,train,0031,5,gn,0031_05_gn.jpg
3319,train,0031,5,ba,0031_05_ba.jpg
3320,train,0031,6,hf,0031_06_hf.jpg
3321,train,0031,6,vf,0031_06_vf.jpg
3322,train,0031,6,r90,0031_06_r90.jpg
3323,train,0031,6,gn,0031_06_gn.jpg
3324,train,0031,6,ba,0031_06_ba.jpg
3325,train,0031,7,hf,0031_07_hf.jpg
3326,train,0031,7,vf,0031_07_vf.jpg
3327,train,0031,7,r90,0031_07_r90.jpg
3328,train,0031,7,gn,0031_07_gn.jpg
3329,train,0031,7,ba,0031_07_ba.jpg
3330,train,0031,8,hf,0031_08_hf.jpg
3331,train,0031,8,vf,0031_08_vf.jpg
3332,train,0031,8,r90,0031_08_r90.jpg
3333,train,0031,8,gn,0031_08_gn.jpg
3334,train,0031,8,ba,0031_08_ba.jpg
3335,train,0031,9,hf,0031_09_hf.jpg
3336,train,0031,9,vf,0031_09_vf.jpg
3337,train,0031,9,r90,0031_09_r90.jpg
3338,train,0031,9,gn,0031_09_gn.jpg
3339,train,0031,9,ba,0031_09_ba.jpg
3340,train,0031,10,hf,0031_10_hf.jpg
3341,train,0031,10,vf,0031_10_vf.jpg
3342,train,0031,10,r90,0031_10_r90.jpg
3343,train,0031,10,gn,0031_10_gn.jpg
3344,train,0031,10,ba,0031_10_ba.jpg
3345,train,0031,11,hf,0031_11_hf.jpg
3346,train,0031,11,vf,0031_11_vf.jpg
3347,train,0031,11,r90,0031_11_r90.jpg
3348,train,0031,11,gn,0031_11_gn.jpg
3349,train,0031,11,ba,0031_11_ba.jpg
3350,train,0031,12,hf,0031_12_hf.jpg
3351,train,0031,12,vf,0031_12_vf.jpg
3352,train,0031,12,r90,0031_12_r90.jpg
3353,train,0031,12,gn,0031_12_gn.jpg
3354,train,0031,12,ba,0031_12_ba.jpg
3355,train,0031,13,hf,0031_13_hf.jpg
3356,train,0031,13,vf,0031_13_vf.jpg
3357,train,0031,13,r90,0031_13_r90.jpg
3358,train,0031,13,gn,0031_13_gn.jpg
3359,train,0031,13,ba,0031_13_ba.jpg
3360,train,0031,14,hf,0031_14_hf.jpg
3361,train,0031,14,vf,0031_14_vf.jpg
3362,train,0031,14,r90,0031_14_r90.jpg
3363,train,0031,14,gn,0031_14_gn.jpg
3364,train,0031,14,ba,0031_14_ba.jpg
3365,train,0033,1,hf,0033_01_hf.jpg
3366,train,0033,1,vf,0033_01_vf.jpg
3367,train,0033,1,r90,0033_01_r90.jpg
3368,train,0033,1,gn,0033_01_gn.jpg
3369,train,0033,1,ba,0033_01_ba.jpg
3370,train,0033,2,hf,0033_02_hf.jpg
3371,train,0033,2,vf,0033_02_vf.jpg
3372,train,0033,2,r90,0033_02_r90.jpg
3373,train,0033,2,gn,0033_02_gn.jpg
3374,train,0033,2,ba,0033_02_ba.jpg
3375,train,0033,3,hf,0033_03_hf.jpg
3376,train,0033,3,vf,0033_03_vf.jpg
3377,train,0033,3,r90,0033_03_r90.jpg
3378,train,0033,3,gn,0033_03_gn.jpg
3379,train,0033,3,ba,0033_03_ba.jpg
3380,train,0033,4,hf,0033_04_hf.jpg
3381,train,0033,4,vf,0033_04_vf.jpg
3382,train,0033,4,r90,0033_04_r90.jpg
3383,train,0033,4,gn,0033_04_gn.jpg
3384,train,0033,4,ba,0033_04_ba.jpg
3385,train,0033,5,hf,0033_05_hf.jpg
3386,train,0033,5,vf,0033_05_vf.jpg
3387,train,0033,5,r90,0033_05_r90.jpg
3388,train,0033,5,gn,0033_05_gn.jpg
3389,train,0033,5,ba,0033_05_ba.jpg
3390,train,0033,6,hf,0033_06_hf.jpg
3391,train,0033,6,vf,0033_06_vf.jpg
3392,train,0033,6,r90,0033_06_r90.jpg
3393,train,0033,6,gn,0033_06_gn.jpg
3394,train,0033,6,ba,0033_06_ba.jpg
3395,train,0033,7,hf,0033_07_hf.jpg
3396,train,0033,7,vf,0033_07_vf.jpg
3397,train,0033,7,r90,0033_07_r90.jpg
3398,train,0033,7,gn,0033_07_gn.jpg
3399,train,0033,7,ba,0033_07_ba.jpg
3400,train,0033,8,hf,0033_08_hf.jpg
3401,train,0033,8,vf,0033_08_vf.jpg
3402,train,0033,8,r90,0033_08_r90.jpg
3403,train,0033,8,gn,0033_08_gn.jpg
3404,train,0033,8,ba,0033_08_ba.jpg
3405,train,0033,9,hf,0033_09_hf.jpg
3406,train,0033,9,vf,0033_09_vf.jpg
3407,train,0033,9,r90,0033_09_r90.jpg
3408,train,0033,9,gn,0033_09_gn.jpg
3409,train,0033,9,ba,0033_09_ba.jpg
3410,train,0033,10,hf,0033_10_hf.jpg
3411,train,0033,10,vf,0033_10_vf.jpg
3412,train,0033,10,r90,0033_10_r90.jpg
3413,train,0033,10,gn,0033_10_gn.jpg
3414,train,0033,10,ba,0033_10_ba.jpg
3415,train,0033,11,hf,0033_11_hf.jpg
3416,train,0033,11,vf,0033_11_vf.jpg
3417,train,0033,11,r90,0033_11_r90.jpg
3418,train,0033,11,gn,0033_11_gn.jpg
3419,train,0033,11,ba,0033_11_ba.jpg
3420,train,0033,12,hf,0033_12_hf.jpg
3421,train,0033,12,vf,0033_12_vf.jpg
3422,train,0033,12,r90,0033_12_r90.jpg
3423,train,0033,12,gn,0033_12_gn.jpg
3424,train,0033,12,ba,0033_12_ba.jpg
3425,train,0033,13,hf,0033_13_hf.jpg
3426,train,0033,13,vf,0033_13_vf.jpg
3427,train,0033,13,r90,0033_13_r90.jpg
3428,train,0033,13,gn,0033_13_gn.jpg
3429,train,0033,13,ba,0033_13_ba.jpg
3430,train,0033,14,hf,0033_14_hf.jpg
3431,train,0033,14,vf,0033_14_vf.jpg
3432,train,0033,14,r90,0033_14_r90.jpg
3433,train,0033,14,gn,0033_14_gn.jpg
3434,train,0033,14,ba,0033_14_ba.jpg
3435,train,0037,1,hf,0037_01_hf.jpg
3436,train,0037,1,vf,0037_01_vf.jpg
3437,train,0037,1,r90,0037_01_r90.jpg
3438,train,0037,1,gn,0037_01_gn.jpg
3439,train,0037,1,ba,0037_01_ba.jpg
3440,train,0037,2,hf,0037_02_hf.jpg
3441,train,0037,2,vf,0037_02_vf.jpg
3442,train,0037,2,r90,0037_02_r90.jpg
3443,train,0037,2,gn,0037_02_gn.jpg
3444,train,0037,2,ba,0037_02_ba.jpg
3445,train,0037,3,hf,0037_03_hf.jpg
3446,train,0037,3,vf,0037_03_vf.jpg
3447,train,0037,3,r90,0037_03_r90.jpg
3448,train,0037,3,gn,0037_03_gn.jpg
3449,train,0037,3,ba,0037_03_ba.jpg
3450,train,0037,4,hf,0037_04_hf.jpg
3451,train,0037,4,vf,0037_04_vf.jpg
3452,train,0037,4,r90,0037_04_r90.jpg
3453,train,0037,4,gn,0037_04_gn.jpg
3454,train,0037,4,ba,0037_04_ba.jpg
3455,train,0037,5,hf,0037_05_hf.jpg
3456,train,0037,5,vf,0037_05_vf.jpg
3457,train,0037,5,r90,0037_05_r90.jpg
3458,train,0037,5,gn,0037_05_gn.jpg
3459,train,0037,5,ba,0037_05_ba.jpg
3460,train,0037,6,hf,0037_06_hf.jpg
3461,train,0037,6,vf,0037_06_vf.jpg
3462,train,0037,6,r90,0037_06_r90.jpg
3463,train,0037,6,gn,0037_06_gn.jpg
3464,train,0037,6,ba,0037_06_ba.jpg
3465,train,0037,7,hf,0037_07_hf.jpg
3466,train,0037,7,vf,0037_07_vf.jpg
3467,train,0037,7,r90,0037_07_r90.jpg
3468,train,0037,7,gn,0037_07_gn.jpg
3469,train,0037,7,ba,0037_07_ba.jpg
3470,train,0037,8,hf,0037_08_hf.jpg
3471,train,0037,8,vf,0037_08_vf.jpg
3472,train,0037,8,r90,0037_08_r90.jpg
3473,train,0037,8,gn,0037_08_gn.jpg
3474,train,0037,8,ba,0037_08_ba.jpg
3475,train,0037,9,hf,0037_09_hf.jpg
3476,train,0037,9,vf,0037_09_vf.jpg
3477,train,0037,9,r90,0037_09_r90.jpg
3478,train,0037,9,gn,0037_09_gn.jpg
3479,train,0037,9,ba,0037_09_ba.jpg
3480,train,0037,10,hf,0037_10_hf.jpg
3481,train,0037,10,vf,0037_10_vf.jpg
3482,train,0037,10,r90,0037_10_r90.jpg
3483,train,0037,10,gn,0037_10_gn.jpg
3484,train,0037,10,ba,0037_10_ba.jpg
3485,train,0037,11,hf,0037_11_hf.jpg
3486,train,0037,11,vf,0037_11_vf.jpg
3487,train,0037,11,r90,0037_11_r90.jpg
3488,train,0037,11,gn,0037_11_gn.jpg
3489,train,0037,11,ba,0037_11_ba.jpg
3490,train,0037,12,hf,0037_12_hf.jpg
3491,train,0037,12,vf,0037_12_vf.jpg
3492,train,0037,12,r90,0037_12_r90.jpg
3493,train,0037,12,gn,0037_12_gn.jpg
3494,train,0037,12,ba,0037_12_ba.jpg
3495,train,0037,13,hf,0037_13_hf.jpg
3496,train,0037,13,vf,0037_13_vf.jpg
3497,train,0037,13,r90,0037_13_r90.jpg
3498,train,0037,13,gn,0037_13_gn.jpg
3499,train,0037,13,ba,0037_13_ba.jpg
3500,train,0037,14,hf,0037_14_hf.jpg
3501,train,0037,14,vf,0037_14_vf.jpg
3502,train,0037,14,r90,0037_14_r90.jpg
3503,train,0037,14,gn,0037_14_gn.jpg
3504,train,0037,14,ba,0037_14_ba.jpg
3505,train,0040,1,hf,0040_01_hf.jpg
3506,train,0040,1,vf,0040_01_vf.jpg
3507,train,0040,1,r90,0040_01_r90.jpg
3508,train,0040,1,gn,0040_01_gn.jpg
3509,train,0040,1,ba,0040_01_ba.jpg
3510,train,0040,2,hf,0040_02_hf.jpg
3511,train,0040,2,vf,0040_02_vf.jpg
3512,train,0040,2,r90,0040_02_r90.jpg
3513,train,0040,2,gn,0040_02_gn.jpg
3514,train,0040,2,ba,0040_02_ba.jpg
3515,train,0040,3,hf,0040_03_hf.jpg
3516,train,0040,3,vf,0040_03_vf.jpg
3517,train,0040,3,r90,0040_03_r90.jpg
3518,train,0040,3,gn,0040_03_gn.jpg
3519,train,0040,3,ba,0040_03_ba.jpg
3520,train,0040,4,hf,0040_04_hf.jpg
3521,train,0040,4,vf,0040_04_vf.jpg
3522,train,0040,4,r90,0040_04_r90.jpg
3523,train,0040,4,gn,0040_04_gn.jpg
3524,train,0040,4,ba,0040_04_ba.jpg
3525,train,0040,5,hf,0040_05_hf.jpg
3526,train,0040,5,vf,0040_05_vf.jpg
3527,train,0040,5,r90,0040_05_r90.jpg
3528,train,0040,5,gn,0040_05_gn.jpg
3529,train,0040,5,ba,0040_05_ba.jpg
3530,train,0040,6,hf,0040_06_hf.jpg
3531,train,0040,6,vf,0040_06_vf.jpg
3532,train,0040,6,r90,0040_06_r90.jpg
3533,train,0040,6,gn,0040_06_gn.jpg
3534,train,0040,6,ba,0040_06_ba.jpg
3535,train,0040,7,hf,0040_07_hf.jpg
3536,train,0040,7,vf,0040_07_vf.jpg
3537,train,0040,7,r90,0040_07_r90.jpg
3538,train,0040,7,gn,0040_07_gn.jpg
3539,train,0040,7,ba,0040_07_ba.jpg
3540,train,0040,8,hf,0040_08_hf.jpg
3541,train,0040,8,vf,0040_08_vf.jpg
3542,train,0040,8,r90,0040_08_r90.jpg
3543,train,0040,8,gn,0040_08_gn.jpg
3544,train,0040,8,ba,0040_08_ba.jpg
3545,train,0040,9,hf,0040_09_hf.jpg
3546,train,0040,9,vf,0040_09_vf.jpg
3547,train,0040,9,r90,0040_09_r90.jpg
3548,train,0040,9,gn,0040_09_gn.jpg
3549,train,0040,9,ba,0040_09_ba.jpg
3550,train,0040,10,hf,0040_10_hf.jpg
3551,train,0040,10,vf,0040_10_vf.jpg
3552,train,0040,10,r90,0040_10_r90.jpg
3553,train,0040,10,gn,0040_10_gn.jpg
3554,train,0040,10,ba,0040_10_ba.jpg
3555,train,0040,11,hf,0040_11_hf.jpg
3556,train,0040,11,vf,0040_11_vf.jpg
3557,train,0040,11,r90,0040_11_r90.jpg
3558,train,0040,11,gn,0040_11_gn.jpg
3559,train,0040,11,ba,0040_11_ba.jpg
3560,train,0040,12,hf,0040_12_hf.jpg
3561,train,0040,12,vf,0040_12_vf.jpg
3562,train,0040,12,r90,0040_12_r90.jpg
3563,train,0040,12,gn,0040_12_gn.jpg
3564,train,0040,12,ba,0040_12_ba.jpg
3565,train,0040,13,hf,0040_13_hf.jpg
3566,train,0040,13,vf,0040_13_vf.jpg
3567,train,0040,13,r90,0040_13_r90.jpg
3568,train,0040,13,gn,0040_13_gn.jpg
3569,train,0040,13,ba,0040_13_ba.jpg
3570,train,0040,14,hf,0040_14_hf.jpg
3571,train,0040,14,vf,0040_14_vf.jpg
3572,train,0040,14,r90,0040_14_r90.jpg
3573,train,0040,14,gn,0040_14_gn.jpg
3574,train,0040,14,ba,0040_14_ba.jpg
3575,train,0041,1,hf,0041_01_hf.jpg
3576,train,0041,1,vf,0041_01_vf.jpg
3577,train,0041,1,r90,0041_01_r90.jpg
3578,train,0041,1,gn,0041_01_gn.jpg
3579,train,0041,1,ba,0041_01_ba.jpg
3580,train,0041,2,hf,0041_02_hf.jpg
3581,train,0041,2,vf,0041_02_vf.jpg
3582,train,0041,2,r90,0041_02_r90.jpg
3583,train,0041,2,gn,0041_02_gn.jpg
3584,train,0041,2,ba,0041_02_ba.jpg
3585,train,0041,3,hf,0041_03_hf.jpg
3586,train,0041,3,vf,0041_03_vf.jpg
3587,train,0041,3,r90,0041_03_r90.jpg
3588,train,0041,3,gn,0041_03_gn.jpg
3589,train,0041,3,ba,0041_03_ba.jpg
3590,train,0041,4,hf,0041_04_hf.jpg
3591,train,0041,4,vf,0041_04_vf.jpg
3592,train,0041,4,r90,0041_04_r90.jpg
3593,train,0041,4,gn,0041_04_gn.jpg
3594,train,0041,4,ba,0041_04_ba.jpg
3595,train,0041,5,hf,0041_05_hf.jpg
3596,train,0041,5,vf,0041_05_vf.jpg
3597,train,0041,5,r90,0041_05_r90.jpg
3598,train,0041,5,gn,0041_05_gn.jpg
3599,train,0041,5,ba,0041_05_ba.jpg
3600,train,0041,6,hf,0041_06_hf.jpg
3601,train,0041,6,vf,0041_06_vf.jpg
3602,train,0041,6,r90,0041_06_r90.jpg
3603,train,0041,6,gn,0041_06_gn.jpg
3604,train,0041,6,ba,0041_06_ba.jpg
3605,train,0041,7,hf,0041_07_hf.jpg
3606,train,0041,7,vf,0041_07_vf.jpg
3607,train,0041,7,r90,0041_07_r90.jpg
3608,train,0041,7,gn,0041_07_gn.jpg
3609,train,0041,7,ba,0041_07_ba.jpg
3610,train,0041,8,hf,0041_08_hf.jpg
3611,train,0041,8,vf,0041_08_vf.jpg
3612,train,0041,8,r90,0041_08_r90.jpg
3613,train,0041,8,gn,0041_08_gn.jpg
3614,train,0041,8,ba,0041_08_ba.jpg
3615,train,0041,9,hf,0041_09_hf.jpg
3616,train,0041,9,vf,0041_09_vf.jpg
3617,train,0041,9,r90,0041_09_r90.jpg
3618,train,0041,9,gn,0041_09_gn.jpg
3619,train,0041,9,ba,0041_09_ba.jpg
3620,train,0041,10,hf,0041_10_hf.jpg
3621,train,0041,10,vf,0041_10_vf.jpg
3622,train,0041,10,r90,0041_10_r90.jpg
3623,train,0041,10,gn,0041_10_gn.jpg
3624,train,0041,10,ba,0041_10_ba.jpg
3625,train,0041,11,hf,0041_11_hf.jpg
3626,train,0041,11,vf,0041_11_vf.jpg
3627,train,0041,11,r90,0041_11_r90.jpg
3628,train,0041,11,gn,0041_11_gn.jpg
3629,train,0041,11,ba,0041_11_ba.jpg
3630,train,0041,12,hf,0041_12_hf.jpg
3631,train,0041,12,vf,0041_12_vf.jpg
3632,train,0041,12,r90,0041_12_r90.jpg
3633,train,0041,12,gn,0041_12_gn.jpg
3634,train,0041,12,ba,0041_12_ba.jpg
3635,train,0041,13,hf,0041_13_hf.jpg
3636,train,0041,13,vf,0041_13_vf.jpg
3637,train,0041,13,r90,0041_13_r90.jpg
3638,train,0041,13,gn,0041_13_gn.jpg
3639,train,0041,13,ba,0041_13_ba.jpg
3640,train,0041,14,hf,0041_14_hf.jpg
3641,train,0041,14,vf,0041_14_vf.jpg
3642,train,0041,14,r90,0041_14_r90.jpg
3643,train,0041,14,gn,0041_14_gn.jpg
3644,train,0041,14,ba,0041_14_ba.jpg
3645,train,0042,1,hf,0042_01_hf.jpg
3646,train,0042,1,vf,0042_01_vf.jpg
3647,train,0042,1,r90,0042_01_r90.jpg
3648,train,0042,1,gn,0042_01_gn.jpg
3649,train,0042,1,ba,0042_01_ba.jpg
3650,train,0042,2,hf,0042_02_hf.jpg
3651,train,0042,2,vf,0042_02_vf.jpg
3652,train,0042,2,r90,0042_02_r90.jpg
3653,train,0042,2,gn,0042_02_gn.jpg
3654,train,0042,2,ba,0042_02_ba.jpg
3655,train,0042,3,hf,0042_03_hf.jpg
3656,train,0042,3,vf,0042_03_vf.jpg
3657,train,0042,3,r90,0042_03_r90.jpg
3658,train,0042,3,gn,0042_03_gn.jpg
3659,train,0042,3,ba,0042_03_ba.jpg
3660,train,0042,4,hf,0042_04_hf.jpg
3661,train,0042,4,vf,0042_04_vf.jpg
3662,train,0042,4,r90,0042_04_r90.jpg
3663,train,0042,4,gn,0042_04_gn.jpg
3664,train,0042,4,ba,0042_04_ba.jpg
3665,train,0042,5,hf,0042_05_hf.jpg
3666,train,0042,5,vf,0042_05_vf.jpg
3667,train,0042,5,r90,0042_05_r90.jpg
3668,train,0042,5,gn,0042_05_gn.jpg
3669,train,0042,5,ba,0042_05_ba.jpg
3670,train,0042,6,hf,0042_06_hf.jpg
3671,train,0042,6,vf,0042_06_vf.jpg
3672,train,0042,6,r90,0042_06_r90.jpg
3673,train,0042,6,gn,0042_06_gn.jpg
3674,train,0042,6,ba,0042_06_ba.jpg
3675,train,0042,7,hf,0042_07_hf.jpg
3676,train,0042,7,vf,0042_07_vf.jpg
3677,train,0042,7,r90,0042_07_r90.jpg
3678,train,0042,7,gn,0042_07_gn.jpg
3679,train,0042,7,ba,0042_07_ba.jpg
3680,train,0042,8,hf,0042_08_hf.jpg
3681,train,0042,8,vf,0042_08_vf.jpg
3682,train,0042,8,r90,0042_08_r90.jpg
3683,train,0042,8,gn,0042_08_gn.jpg
3684,train,0042,8,ba,0042_08_ba.jpg
3685,train,0042,9,hf,0042_09_hf.jpg
3686,train,0042,9,vf,0042_09_vf.jpg
3687,train,0042,9,r90,0042_09_r90.jpg
3688,train,0042,9,gn,0042_09_gn.jpg
3689,train,0042,9,ba,0042_09_ba.jpg
3690,train,0042,10,hf,0042_10_hf.jpg
3691,train,0042,10,vf,0042_10_vf.jpg
3692,train,0042,10,r90,0042_10_r90.jpg
3693,train,0042,10,gn,0042_10_gn.jpg
3694,train,0042,10,ba,0042_10_ba.jpg
3695,train,0042,11,hf,0042_11_hf.jpg
3696,train,0042,11,vf,0042_11_vf.jpg
3697,train,0042,11,r90,0042_11_r90.jpg
3698,train,0042,11,gn,0042_11_gn.jpg
3699,train,0042,11,ba,0042_11_ba.jpg
3700,train,0042,12,hf,0042_12_hf.jpg
3701,train,0042,12,vf,0042_12_vf.jpg
3702,train,0042,12,r90,0042_12_r90.jpg
3703,train,0042,12,gn,0042_12_gn.jpg
3704,train,0042,12,ba,0042_12_ba.jpg
3705,train,0042,13,hf,0042_13_hf.jpg
3706,train,0042,13,vf,0042_13_vf.jpg
3707,train,0042,13,r90,0042_13_r90.jpg
3708,train,0042,13,gn,0042_13_gn.jpg
3709,train,0042,13,ba,0042_13_ba.jpg
3710,train,0042,14,hf,0042_14_hf.jpg
3711,train,0042,14,vf,0042_14_vf.jpg
3712,train,0042,14,r90,0042_14_r90.jpg
3713,train,0042,14,gn,0042_14_gn.jpg
3714,train,0042,14,ba,0042_14_ba.jpg
3715,train,0043,1,hf,0043_01_hf.jpg
3716,train,0043,1,vf,0043_01_vf.jpg
3717,train,0043,1,r90,0043_01_r90.jpg
3718,train,0043,1,gn,0043_01_gn.jpg
3719,train,0043,1,ba,0043_01_ba.jpg
3720,train,0043,2,hf,0043_02_hf.jpg
3721,train,0043,2,vf,0043_02_vf.jpg
3722,train,0043,2,r90,0043_02_r90.jpg
3723,train,0043,2,gn,0043_02_gn.jpg
3724,train,0043,2,ba,0043_02_ba.jpg
3725,train,0043,3,hf,0043_03_hf.jpg
3726,train,0043,3,vf,0043_03_vf.jpg
3727,train,0043,3,r90,0043_03_r90.jpg
3728,train,0043,3,gn,0043_03_gn.jpg
3729,train,0043,3,ba,0043_03_ba.jpg
3730,train,0043,4,hf,0043_04_hf.jpg
3731,train,0043,4,vf,0043_04_vf.jpg
3732,train,0043,4,r90,0043_04_r90.jpg
3733,train,0043,4,gn,0043_04_gn.jpg
3734,train,0043,4,ba,0043_04_ba.jpg
3735,train,0043,5,hf,0043_05_hf.jpg
3736,train,0043,5,vf,0043_05_vf.jpg
3737,train,0043,5,r90,0043_05_r90.jpg
3738,train,0043,5,gn,0043_05_gn.jpg
3739,train,0043,5,ba,0043_05_ba.jpg
3740,train,0043,6,hf,0043_06_hf.jpg
3741,train,0043,6,vf,0043_06_vf.jpg
3742,train,0043,6,r90,0043_06_r90.jpg
3743,train,0043,6,gn,0043_06_gn.jpg
3744,train,0043,6,ba,0043_06_ba.jpg
3745,train,0043,7,hf,0043_07_hf.jpg
3746,train,0043,7,vf,0043_07_vf.jpg
3747,train,0043,7,r90,0043_07_r90.jpg
3748,train,0043,7,gn,0043_07_gn.jpg
3749,train,0043,7,ba,0043_07_ba.jpg
3750,train,0043,8,hf,0043_08_hf.jpg
3751,train,0043,8,vf,0043_08_vf.jpg
3752,train,0043,8,r90,0043_08_r90.jpg
3753,train,0043,8,gn,0043_08_gn.jpg
3754,train,0043,8,ba,0043_08_ba.jpg
3755,train,0043,9,hf,0043_09_hf.jpg
3756,train,0043,9,vf,0043_09_vf.jpg
3757,train,0043,9,r90,0043_09_r90.jpg
3758,train,0043,9,gn,0043_09_gn.jpg
3759,train,0043,9,ba,0043_09_ba.jpg
3760,train,0043,10,hf,0043_10_hf.jpg
3761,train,0043,10,vf,0043_10_vf.jpg
3762,train,0043,10,r90,0043_10_r90.jpg
3763,train,0043,10,gn,0043_10_gn.jpg
3764,train,0043,10,ba,0043_10_ba.jpg
3765,train,0043,11,hf,0043_11_hf.jpg
3766,train,0043,11,vf,0043_11_vf.jpg
3767,train,0043,11,r90,0043_11_r90.jpg
3768,train,0043,11,gn,0043_11_gn.jpg
3769,train,0043,11,ba,0043_11_ba.jpg
3770,train,0043,12,hf,0043_12_hf.jpg
3771,train,0043,12,vf,0043_12_vf.jpg
3772,train,0043,12,r90,0043_12_r90.jpg
3773,train,0043,12,gn,0043_12_gn.jpg
3774,train,0043,12,ba,0043_12_ba.jpg
3775,train,0043,13,hf,0043_13_hf.jpg
3776,train,0043,13,vf,0043_13_vf.jpg
3777,train,0043,13,r90,0043_13_r90.jpg
3778,train,0043,13,gn,0043_13_gn.jpg
3779,train,0043,13,ba,0043_13_ba.jpg
3780,train,0043,14,hf,0043_14_hf.jpg
3781,train,0043,14,vf,0043_14_vf.jpg
3782,train,0043,14,r90,0043_14_r90.jpg
3783,train,0043,14,gn,0043_14_gn.jpg
3784,train,0043,14,ba,0043_14_ba.jpg
3785,train,0044,1,hf,0044_01_hf.jpg
3786,train,0044,1,vf,0044_01_vf.jpg
3787,train,0044,1,r90,0044_01_r90.jpg
3788,train,0044,1,gn,0044_01_gn.jpg
3789,train,0044,1,ba,0044_01_ba.jpg
3790,train,0044,2,hf,0044_02_hf.jpg
3791,train,0044,2,vf,0044_02_vf.jpg
3792,train,0044,2,r90,0044_02_r90.jpg
3793,train,0044,2,gn,0044_02_gn.jpg
3794,train,0044,2,ba,0044_02_ba.jpg
3795,train,0044,3,hf,0044_03_hf.jpg
3796,train,0044,3,vf,0044_03_vf.jpg
3797,train,0044,3,r90,0044_03_r90.jpg
3798,train,0044,3,gn,0044_03_gn.jpg
3799,train,0044,3,ba,0044_03_ba.jpg
3800,train,0044,4,hf,0044_04_hf.jpg
3801,train,0044,4,vf,0044_04_vf.jpg
3802,train,0044,4,r90,0044_04_r90.jpg
3803,train,0044,4,gn,0044_04_gn.jpg
3804,train,0044,4,ba,0044_04_ba.jpg
3805,train,0044,5,hf,0044_05_hf.jpg
3806,train,0044,5,vf,0044_05_vf.jpg
3807,train,0044,5,r90,0044_05_r90.jpg
3808,train,0044,5,gn,0044_05_gn.jpg
3809,train,0044,5,ba,0044_05_ba.jpg
3810,train,0044,6,hf,0044_06_hf.jpg
3811,train,0044,6,vf,0044_06_vf.jpg
3812,train,0044,6,r90,0044_06_r90.jpg
3813,train,0044,6,gn,0044_06_gn.jpg
3814,train,0044,6,ba,0044_06_ba.jpg
3815,train,0044,7,hf,0044_07_hf.jpg
3816,train,0044,7,vf,0044_07_vf.jpg
3817,train,0044,7,r90,0044_07_r90.jpg
3818,train,0044,7,gn,0044_07_gn.jpg
3819,train,0044,7,ba,0044_07_ba.jpg
3820,train,0044,8,hf,0044_08_hf.jpg
3821,train,0044,8,vf,0044_08_vf.jpg
3822,train,0044,8,r90,0044_08_r90.jpg
3823,train,0044,8,gn,0044_08_gn.jpg
3824,train,0044,8,ba,0044_08_ba.jpg
3825,train,0044,9,hf,0044_09_hf.jpg
3826,train,0044,9,vf,0044_09_vf.jpg
3827,train,0044,9,r90,0044_09_r90.jpg
3828,train,0044,9,gn,0044_09_gn.jpg
3829,train,0044,9,ba,0044_09_ba.jpg
3830,train,0044,10,hf,0044_10_hf.jpg
3831,train,0044,10,vf,0044_10_vf.jpg
3832,train,0044,10,r90,0044_10_r90.jpg
3833,train,0044,10,gn,0044_10_gn.jpg
3834,train,0044,10,ba,0044_10_ba.jpg
3835,train,0044,11,hf,0044_11_hf.jpg
3836,train,0044,11,vf,0044_11_vf.jpg
3837,train,0044,11,r90,0044_11_r90.jpg
3838,train,0044,11,gn,0044_11_gn.jpg
3839,train,0044,11,ba,0044_11_ba.jpg
3840,train,0044,12,hf,0044_12_hf.jpg
3841,train,0044,12,vf,0044_12_vf.jpg
3842,train,0044,12,r90,0044_12_r90.jpg
3843,train,0044,12,gn,0044_12_gn.jpg
3844,train,0044,12,ba,0044_12_ba.jpg
3845,train,0044,13,hf,0044_13_hf.jpg
3846,train,0044,13,vf,0044_13_vf.jpg
3847,train,0044,13,r90,0044_13_r90.jpg
3848,train,0044,13,gn,0044_13_gn.jpg
3849,train,0044,13,ba,0044_13_ba.jpg
3850,train,0044,14,hf,0044_14_hf.jpg
3851,train,0044,14,vf,0044_14_vf.jpg
3852,train,0044,14,r90,0044_14_r90.jpg
3853,train,0044,14,gn,0044_14_gn.jpg
3854,train,0044,14,ba,0044_14_ba.jpg
3855,train,0045,1,hf,0045_01_hf.jpg
3856,train,0045,1,vf,0045_01_vf.jpg
3857,train,0045,1,r90,0045_01_r90.jpg
3858,train,0045,1,gn,0045_01_gn.jpg
3859,train,0045,1,ba,0045_01_ba.jpg
3860,train,0045,2,hf,0045_02_hf.jpg
3861,train,0045,2,vf,0045_02_vf.jpg
3862,train,0045,2,r90,0045_02_r90.jpg
3863,train,0045,2,gn,0045_02_gn.jpg
3864,train,0045,2,ba,0045_02_ba.jpg
3865,train,0045,3,hf,0045_03_hf.jpg
3866,train,0045,3,vf,0045_03_vf.jpg
3867,train,0045,3,r90,0045_03_r90.jpg
3868,train,0045,3,gn,0045_03_gn.jpg
3869,train,0045,3,ba,0045_03_ba.jpg
3870,train,0045,4,hf,0045_04_hf.jpg
3871,train,0045,4,vf,0045_04_vf.jpg
3872,train,0045,4,r90,0045_04_r90.jpg
3873,train,0045,4,gn,0045_04_gn.jpg
3874,train,0045,4,ba,0045_04_ba.jpg
3875,train,0045,5,hf,0045_05_hf.jpg
3876,train,0045,5,vf,0045_05_vf.jpg
3877,train,0045,5,r90,0045_05_r90.jpg
3878,train,0045,5,gn,0045_05_gn.jpg
3879,train,0045,5,ba,0045_05_ba.jpg
3880,train,0045,6,hf,0045_06_hf.jpg
3881,train,0045,6,vf,0045_06_vf.jpg
3882,train,0045,6,r90,0045_06_r90.jpg
3883,train,0045,6,gn,0045_06_gn.jpg
3884,train,0045,6,ba,0045_06_ba.jpg
3885,train,0045,7,hf,0045_07_hf.jpg
3886,train,0045,7,vf,0045_07_vf.jpg
3887,train,0045,7,r90,0045_07_r90.jpg
3888,train,0045,7,gn,0045_07_gn.jpg
3889,train,0045,7,ba,0045_07_ba.jpg
3890,train,0045,8,hf,0045_08_hf.jpg
3891,train,0045,8,vf,0045_08_vf.jpg
3892,train,0045,8,r90,0045_08_r90.jpg
3893,train,0045,8,gn,0045_08_gn.jpg
3894,train,0045,8,ba,0045_08_ba.jpg
3895,train,0045,9,hf,0045_09_hf.jpg
3896,train,0045,9,vf,0045_09_vf.jpg
3897,train,0045,9,r90,0045_09_r90.jpg
3898,train,0045,9,gn,0045_09_gn.jpg
3899,train,0045,9,ba,0045_09_ba.jpg
3900,train,0045,10,hf,0045_10_hf.jpg
3901,train,0045,10,vf,0045_10_vf.jpg
3902,train,0045,10,r90,0045_10_r90.jpg
3903,train,0045,10,gn,0045_10_gn.jpg
3904,train,0045,10,ba,0045_10_ba.jpg
3905,train,0045,11,hf,0045_11_hf.jpg
3906,train,0045,11,vf,0045_11_vf.jpg
3907,train,0045,11,r90,0045_11_r90.jpg
3908,train,0045,11,gn,0045_11_gn.jpg
3909,train,0045,11,ba,0045_11_ba.jpg
3910,train,0045,12,hf,0045_12_hf.jpg
3911,train,0045,12,vf,0045_12_vf.jpg
3912,train,0045,12,r90,0045_12_r90.jpg
3913,train,0045,12,gn,0045_12_gn.jpg
3914,train,0045,12,ba,0045_12_ba.jpg
3915,train,0045,13,hf,0045_13_hf.jpg
3916,train,0045,13,vf,0045_13_vf.jpg
3917,train,0045,13,r90,0045_13_r90.jpg
3918,train,0045,13,gn,0045_13_gn.jpg
3919,train,0045,13,ba,0045_13_ba.jpg
3920,train,0045,14,hf,0045_14_hf.jpg
3921,train,0045,14,vf,0045_14_vf.jpg
3922,train,0045,14,r90,0045_14_r90.jpg
3923,train,0045,14,gn,0045_14_gn.jpg
3924,train,0045,14,ba,0045_14_ba.jpg
3925,train,0046,1,hf,0046_01_hf.jpg
3926,train,0046,1,vf,0046_01_vf.jpg
3927,train,0046,1,r90,0046_01_r90.jpg
3928,train,0046,1,gn,0046_01_gn.jpg
3929,train,0046,1,ba,0046_01_ba.jpg
3930,train,0046,2,hf,0046_02_hf.jpg
3931,train,0046,2,vf,0046_02_vf.jpg
3932,train,0046,2,r90,0046_02_r90.jpg
3933,train,0046,2,gn,0046_02_gn.jpg
3934,train,0046,2,ba,0046_02_ba.jpg
3935,train,0046,3,hf,0046_03_hf.jpg
3936,train,0046,3,vf,0046_03_vf.jpg
3937,train,0046,3,r90,0046_03_r90.jpg
3938,train,0046,3,gn,0046_03_gn.jpg
3939,train,0046,3,ba,0046_03_ba.jpg
3940,train,0046,4,hf,0046_04_hf.jpg
3941,train,0046,4,vf,0046_04_vf.jpg
3942,train,0046,4,r90,0046_04_r90.jpg
3943,train,0046,4,gn,0046_04_gn.jpg
3944,train,0046,4,ba,0046_04_ba.jpg
3945,train,0046,5,hf,0046_05_hf.jpg
3946,train,0046,5,vf,0046_05_vf.jpg
3947,train,0046,5,r90,0046_05_r90.jpg
3948,train,0046,5,gn,0046_05_gn.jpg
3949,train,0046,5,ba,0046_05_ba.jpg
3950,train,0046,6,hf,0046_06_hf.jpg
3951,train,0046,6,vf,0046_06_vf.jpg
3952,train,0046,6,r90,0046_06_r90.jpg
3953,train,0046,6,gn,0046_06_gn.jpg
3954,train,0046,6,ba,0046_06_ba.jpg
3955,train,0046,7,hf,0046_07_hf.jpg
3956,train,0046,7,vf,0046_07_vf.jpg
3957,train,0046,7,r90,0046_07_r90.jpg
3958,train,0046,7,gn,0046_07_gn.jpg
3959,train,0046,7,ba,0046_07_ba.jpg
3960,train,0046,8,hf,0046_08_hf.jpg
3961,train,0046,8,vf,0046_08_vf.jpg
3962,train,0046,8,r90,0046_08_r90.jpg
3963,train,0046,8,gn,0046_08_gn.jpg
3964,train,0046,8,ba,0046_08_ba.jpg
3965,train,0046,9,hf,0046_09_hf.jpg
3966,train,0046,9,vf,0046_09_vf.jpg
3967,train,0046,9,r90,0046_09_r90.jpg
3968,train,0046,9,gn,0046_09_gn.jpg
3969,train,0046,9,ba,0046_09_ba.jpg
3970,train,0046,10,hf,0046_10_hf.jpg
3971,train,0046,10,vf,0046_10_vf.jpg
3972,train,0046,10,r90,0046_10_r90.jpg
3973,train,0046,10,gn,0046_10_gn.jpg
3974,train,0046,10,ba,0046_10_ba.jpg
3975,train,0046,11,hf,0046_11_hf.jpg
3976,train,0046,11,vf,0046_11_vf.jpg
3977,train,0046,11,r90,0046_11_r90.jpg
3978,train,0046,11,gn,0046_11_gn.jpg
3979,train,0046,11,ba,0046_11_ba.jpg
3980,train,0046,12,hf,0046_12_hf.jpg
3981,train,0046,12,vf,0046_12_vf.jpg
3982,train,0046,12,r90,0046_12_r90.jpg
3983,train,0046,12,gn,0046_12_gn.jpg
3984,train,0046,12,ba,0046_12_ba.jpg
3985,train,0046,13,hf,0046_13_hf.jpg
3986,train,0046,13,vf,0046_13_vf.jpg
3987,train,0046,13,r90,0046_13_r90.jpg
3988,train,0046,13,gn,0046_13_gn.jpg
3989,train,0046,13,ba,0046_13_ba.jpg
3990,train,0046,14,hf,0046_14_hf.jpg
3991,train,0046,14,vf,0046_14_vf.jpg
3992,train,0046,14,r90,0046_14_r90.jpg
3993,train,0046,14,gn,0046_14_gn.jpg
3994,train,0046,14,ba,0046_14_ba.jpg
3995,train,0050,1,hf,0050_01_hf.jpg
3996,train,0050,1,vf,0050_01_vf.jpg
3997,train,0050,1,r90,0050_01_r90.jpg
3998,train,0050,1,gn,0050_01_gn.jpg
3999,train,0050,1,ba,0050_01_ba.jpg
4000,train,0050,2,hf,0050_02_hf.jpg
4001,train,0050,2,vf,0050_02_vf.jpg
4002,train,0050,2,r90,0050_02_r90.jpg
4003,train,0050,2,gn,0050_02_gn.jpg
4004,train,0050,2,ba,0050_02_ba.jpg
4005,train,0050,3,hf,0050_03_hf.jpg
4006,train,0050,3,vf,0050_03_vf.jpg
4007,train,0050,3,r90,0050_03_r90.jpg
4008,train,0050,3,gn,0050_03_gn.jpg
4009,train,0050,3,ba,0050_03_ba.jpg
4010,train,0050,4,hf,0050_04_hf.jpg
4011,train,0050,4,vf,0050_04_vf.jpg
4012,train,0050,4,r90,0050_04_r90.jpg
4013,train,0050,4,gn,0050_04_gn.jpg
4014,train,0050,4,ba,0050_04_ba.jpg
4015,train,0050,5,hf,0050_05_hf.jpg
4016,train,0050,5,vf,0050_05_vf.jpg
4017,train,0050,5,r90,0050_05_r90.jpg
4018,train,0050,5,gn,0050_05_gn.jpg
4019,train,0050,5,ba,0050_05_ba.jpg
4020,train,0050,6,hf,0050_06_hf.jpg
4021,train,0050,6,vf,0050_06_vf.jpg
4022,train,0050,6,r90,0050_06_r90.jpg
4023,train,0050,6,gn,0050_06_gn.jpg
4024,train,0050,6,ba,0050_06_ba.jpg
4025,train,0050,7,hf,0050_07_hf.jpg
4026,train,0050,7,vf,0050_07_vf.jpg
4027,train,0050,7,r90,0050_07_r90.jpg
4028,train,0050,7,gn,0050_07_gn.jpg
4029,train,0050,7,ba,0050_07_ba.jpg
4030,train,0050,8,hf,0050_08_hf.jpg
4031,train,0050,8,vf,0050_08_vf.jpg
4032,train,0050,8,r90,0050_08_r90.jpg
4033,train,0050,8,gn,0050_08_gn.jpg
4034,train,0050,8,ba,0050_08_ba.jpg
4035,train,0050,9,hf,0050_09_hf.jpg
4036,train,0050,9,vf,0050_09_vf.jpg
4037,train,0050,9,r90,0050_09_r90.jpg
4038,train,0050,9,gn,0050_09_gn.jpg
4039,train,0050,9,ba,0050_09_ba.jpg
4040,train,0050,10,hf,0050_10_hf.jpg
4041,train,0050,10,vf,0050_10_vf.jpg
4042,train,0050,10,r90,0050_10_r90.jpg
4043,train,0050,10,gn,0050_10_gn.jpg
4044,train,0050,10,ba,0050_10_ba.jpg
4045,train,0050,11,hf,0050_11_hf.jpg
4046,train,0050,11,vf,0050_11_vf.jpg
4047,train,0050,11,r90,0050_11_r90.jpg
4048,train,0050,11,gn,0050_11_gn.jpg
4049,train,0050,11,ba,0050_11_ba.jpg
4050,train,0050,12,hf,0050_12_hf.jpg
4051,train,0050,12,vf,0050_12_vf.jpg
4052,train,0050,12,r90,0050_12_r90.jpg
4053,train,0050,12,gn,0050_12_gn.jpg
4054,train,0050,12,ba,0050_12_ba.jpg
4055,train,0050,13,hf,0050_13_hf.jpg
4056,train,0050,13,vf,0050_13_vf.jpg
4057,train,0050,13,r90,0050_13_r90.jpg
4058,train,0050,13,gn,0050_13_gn.jpg
4059,train,0050,13,ba,0050_13_ba.jpg
4060,train,0050,14,hf,0050_14_hf.jpg
4061,train,0050,14,vf,0050_14_vf.jpg
4062,train,0050,14,r90,0050_14_r90.jpg
4063,train,0050,14,gn,0050_14_gn.jpg
4064,train,0050,14,ba,0050_14_ba.jpg
4065,train,0054,1,hf,0054_01_hf.jpg
4066,train,0054,1,vf,0054_01_vf.jpg
4067,train,0054,1,r90,0054_01_r90.jpg
4068,train,0054,1,gn,0054_01_gn.jpg
4069,train,0054,1,ba,0054_01_ba.jpg
4070,train,0054,2,hf,0054_02_hf.jpg
4071,train,0054,2,vf,0054_02_vf.jpg
4072,train,0054,2,r90,0054_02_r90.jpg
4073,train,0054,2,gn,0054_02_gn.jpg
4074,train,0054,2,ba,0054_02_ba.jpg
4075,train,0054,3,hf,0054_03_hf.jpg
4076,train,0054,3,vf,0054_03_vf.jpg
4077,train,0054,3,r90,0054_03_r90.jpg
4078,train,0054,3,gn,0054_03_gn.jpg
4079,train,0054,3,ba,0054_03_ba.jpg
4080,train,0054,4,hf,0054_04_hf.jpg
4081,train,0054,4,vf,0054_04_vf.jpg
4082,train,0054,4,r90,0054_04_r90.jpg
4083,train,0054,4,gn,0054_04_gn.jpg
4084,train,0054,4,ba,0054_04_ba.jpg
4085,train,0054,5,hf,0054_05_hf.jpg
4086,train,0054,5,vf,0054_05_vf.jpg
4087,train,0054,5,r90,0054_05_r90.jpg
4088,train,0054,5,gn,0054_05_gn.jpg
4089,train,0054,5,ba,0054_05_ba.jpg
4090,train,0054,6,hf,0054_06_hf.jpg
4091,train,0054,6,vf,0054_06_vf.jpg
4092,train,0054,6,r90,0054_06_r90.jpg
4093,train,0054,6,gn,0054_06_gn.jpg
4094,train,0054,6,ba,0054_06_ba.jpg
4095,train,0054,7,hf,0054_07_hf.jpg
4096,train,0054,7,vf,0054_07_vf.jpg
4097,train,0054,7,r90,0054_07_r90.jpg
4098,train,0054,7,gn,0054_07_gn.jpg
4099,train,0054,7,ba,0054_07_ba.jpg
4100,train,0054,8,hf,0054_08_hf.jpg
4101,train,0054,8,vf,0054_08_vf.jpg
4102,train,0054,8,r90,0054_08_r90.jpg
4103,train,0054,8,gn,0054_08_gn.jpg
4104,train,0054,8,ba,0054_08_ba.jpg
4105,train,0054,9,hf,0054_09_hf.jpg
4106,train,0054,9,vf,0054_09_vf.jpg
4107,train,0054,9,r90,0054_09_r90.jpg
4108,train,0054,9,gn,0054_09_gn.jpg
4109,train,0054,9,ba,0054_09_ba.jpg
4110,train,0054,10,hf,0054_10_hf.jpg
4111,train,0054,10,vf,0054_10_vf.jpg
4112,train,0054,10,r90,0054_10_r90.jpg
4113,train,0054,10,gn,0054_10_gn.jpg
4114,train,0054,10,ba,0054_10_ba.jpg
4115,train,0054,11,hf,0054_11_hf.jpg
4116,train,0054,11,vf,0054_11_vf.jpg
4117,train,0054,11,r90,0054_11_r90.jpg
4118,train,0054,11,gn,0054_11_gn.jpg
4119,train,0054,11,ba,0054_11_ba.jpg
4120,train,0054,12,hf,0054_12_hf.jpg
4121,train,0054,12,vf,0054_12_vf.jpg
4122,train,0054,12,r90,0054_12_r90.jpg
4123,train,0054,12,gn,0054_12_gn.jpg
4124,train,0054,12,ba,0054_12_ba.jpg
4125,train,0054,13,hf,0054_13_hf.jpg
4126,train,0054,13,vf,0054_13_vf.jpg
4127,train,0054,13,r90,0054_13_r90.jpg
4128,train,0054,13,gn,0054_13_gn.jpg
4129,train,0054,13,ba,0054_13_ba.jpg
4130,train,0054,14,hf,0054_14_hf.jpg
4131,train,0054,14,vf,0054_14_vf.jpg
4132,train,0054,14,r90,0054_14_r90.jpg
4133,train,0054,14,gn,0054_14_gn.jpg
4134,train,0054,14,ba,0054_14_ba.jpg
4135,train,0056,1,hf,0056_01_hf.jpg
4136,train,0056,1,vf,0056_01_vf.jpg
4137,train,0056,1,r90,0056_01_r90.jpg
4138,train,0056,1,gn,0056_01_gn.jpg
4139,train,0056,1,ba,0056_01_ba.jpg
4140,train,0056,2,hf,0056_02_hf.jpg
4141,train,0056,2,vf,0056_02_vf.jpg
4142,train,0056,2,r90,0056_02_r90.jpg
4143,train,0056,2,gn,0056_02_gn.jpg
4144,train,0056,2,ba,0056_02_ba.jpg
4145,train,0056,3,hf,0056_03_hf.jpg
4146,train,0056,3,vf,0056_03_vf.jpg
4147,train,0056,3,r90,0056_03_r90.jpg
4148,train,0056,3,gn,0056_03_gn.jpg
4149,train,0056,3,ba,0056_03_ba.jpg
4150,train,0056,4,hf,0056_04_hf.jpg
4151,train,0056,4,vf,0056_04_vf.jpg
4152,train,0056,4,r90,0056_04_r90.jpg
4153,train,0056,4,gn,0056_04_gn.jpg
4154,train,0056,4,ba,0056_04_ba.jpg
4155,train,0056,5,hf,0056_05_hf.jpg
4156,train,0056,5,vf,0056_05_vf.jpg
4157,train,0056,5,r90,0056_05_r90.jpg
4158,train,0056,5,gn,0056_05_gn.jpg
4159,train,0056,5,ba,0056_05_ba.jpg
4160,train,0056,6,hf,0056_06_hf.jpg
4161,train,0056,6,vf,0056_06_vf.jpg
4162,train,0056,6,r90,0056_06_r90.jpg
4163,train,0056,6,gn,0056_06_gn.jpg
4164,train,0056,6,ba,0056_06_ba.jpg
4165,train,0056,7,hf,0056_07_hf.jpg
4166,train,0056,7,vf,0056_07_vf.jpg
4167,train,0056,7,r90,0056_07_r90.jpg
4168,train,0056,7,gn,0056_07_gn.jpg
4169,train,0056,7,ba,0056_07_ba.jpg
4170,train,0056,8,hf,0056_08_hf.jpg
4171,train,0056,8,vf,0056_08_vf.jpg
4172,train,0056,8,r90,0056_08_r90.jpg
4173,train,0056,8,gn,0056_08_gn.jpg
4174,train,0056,8,ba,0056_08_ba.jpg
4175,train,0056,9,hf,0056_09_hf.jpg
4176,train,0056,9,vf,0056_09_vf.jpg
4177,train,0056,9,r90,0056_09_r90.jpg
4178,train,0056,9,gn,0056_09_gn.jpg
4179,train,0056,9,ba,0056_09_ba.jpg
4180,train,0056,10,hf,0056_10_hf.jpg
4181,train,0056,10,vf,0056_10_vf.jpg
4182,train,0056,10,r90,0056_10_r90.jpg
4183,train,0056,10,gn,0056_10_gn.jpg
4184,train,0056,10,ba,0056_10_ba.jpg
4185,train,0056,11,hf,0056_11_hf.jpg
4186,train,0056,11,vf,0056_11_vf.jpg
4187,train,0056,11,r90,0056_11_r90.jpg
4188,train,0056,11,gn,0056_11_gn.jpg
4189,train,0056,11,ba,0056_11_ba.jpg
4190,train,0056,12,hf,0056_12_hf.jpg
4191,train,0056,12,vf,0056_12_vf.jpg
4192,train,0056,12,r90,0056_12_r90.jpg
4193,train,0056,12,gn,0056_12_gn.jpg
4194,train,0056,12,ba,0056_12_ba.jpg
4195,train,0056,13,hf,0056_13_hf.jpg
4196,train,0056,13,vf,0056_13_vf.jpg
4197,train,0056,13,r90,0056_13_r90.jpg
4198,train,0056,13,gn,0056_13_gn.jpg
4199,train,0056,13,ba,0056_13_ba.jpg
4200,train,0056,14,hf,0056_14_hf.jpg
4201,train,0056,14,vf,0056_14_vf.jpg
4202,train,0056,14,r90,0056_14_r90.jpg
4203,train,0056,14,gn,0056_14_gn.jpg
4204,train,0056,14,ba,0056_14_ba.jpg
4205,train,0057,1,hf,0057_01_hf.jpg
4206,train,0057,1,vf,0057_01_vf.jpg
4207,train,0057,1,r90,0057_01_r90.jpg
4208,train,0057,1,gn,0057_01_gn.jpg
4209,train,0057,1,ba,0057_01_ba.jpg
4210,train,0057,2,hf,0057_02_hf.jpg
4211,train,0057,2,vf,0057_02_vf.jpg
4212,train,0057,2,r90,0057_02_r90.jpg
4213,train,0057,2,gn,0057_02_gn.jpg
4214,train,0057,2,ba,0057_02_ba.jpg
4215,train,0057,3,hf,0057_03_hf.jpg
4216,train,0057,3,vf,0057_03_vf.jpg
4217,train,0057,3,r90,0057_03_r90.jpg
4218,train,0057,3,gn,0057_03_gn.jpg
4219,train,0057,3,ba,0057_03_ba.jpg
4220,train,0057,4,hf,0057_04_hf.jpg
4221,train,0057,4,vf,0057_04_vf.jpg
4222,train,0057,4,r90,0057_04_r90.jpg
4223,train,0057,4,gn,0057_04_gn.jpg
4224,train,0057,4,ba,0057_04_ba.jpg
4225,train,0057,5,hf,0057_05_hf.jpg
4226,train,0057,5,vf,0057_05_vf.jpg
4227,train,0057,5,r90,0057_05_r90.jpg
4228,train,0057,5,gn,0057_05_gn.jpg
4229,train,0057,5,ba,0057_05_ba.jpg
4230,train,0057,6,hf,0057_06_hf.jpg
4231,train,0057,6,vf,0057_06_vf.jpg
4232,train,0057,6,r90,0057_06_r90.jpg
4233,train,0057,6,gn,0057_06_gn.jpg
4234,train,0057,6,ba,0057_06_ba.jpg
4235,train,0057,7,hf,0057_07_hf.jpg
4236,train,0057,7,vf,0057_07_vf.jpg
4237,train,0057,7,r90,0057_07_r90.jpg
4238,train,0057,7,gn,0057_07_gn.jpg
4239,train,0057,7,ba,0057_07_ba.jpg
4240,train,0057,8,hf,0057_08_hf.jpg
4241,train,0057,8,vf,0057_08_vf.jpg
4242,train,0057,8,r90,0057_08_r90.jpg
4243,train,0057,8,gn,0057_08_gn.jpg
4244,train,0057,8,ba,0057_08_ba.jpg
4245,train,0057,9,hf,0057_09_hf.jpg
4246,train,0057,9,vf,0057_09_vf.jpg
4247,train,0057,9,r90,0057_09_r90.jpg
4248,train,0057,9,gn,0057_09_gn.jpg
4249,train,0057,9,ba,0057_09_ba.jpg
4250,train,0057,10,hf,0057_10_hf.jpg
4251,train,0057,10,vf,0057_10_vf.jpg
4252,train,0057,10,r90,0057_10_r90.jpg
4253,train,0057,10,gn,0057_10_gn.jpg
4254,train,0057,10,ba,0057_10_ba.jpg
4255,train,0057,11,hf,0057_11_hf.jpg
4256,train,0057,11,vf,0057_11_vf.jpg
4257,train,0057,11,r90,0057_11_r90.jpg
4258,train,0057,11,gn,0057_11_gn.jpg
4259,train,0057,11,ba,0057_11_ba.jpg
4260,train,0057,12,hf,0057_12_hf.jpg
4261,train,0057,12,vf,0057_12_vf.jpg
4262,train,0057,12,r90,0057_12_r90.jpg
4263,train,0057,12,gn,0057_12_gn.jpg
4264,train,0057,12,ba,0057_12_ba.jpg
4265,train,0057,13,hf,0057_13_hf.jpg
4266,train,0057,13,vf,0057_13_vf.jpg
4267,train,0057,13,r90,0057_13_r90.jpg
4268,train,0057,13,gn,0057_13_gn.jpg
4269,train,0057,13,ba,0057_13_ba.jpg
4270,train,0057,14,hf,0057_14_hf.jpg
4271,train,0057,14,vf,0057_14_vf.jpg
4272,train,0057,14,r90,0057_14_r90.jpg
4273,train,0057,14,gn,0057_14_gn.jpg
4274,train,0057,14,ba,0057_14_ba.jpg
4275,train,0058,1,hf,0058_01_hf.jpg
4276,train,0058,1,vf,0058_01_vf.jpg
4277,train,0058,1,r90,0058_01_r90.jpg
4278,train,0058,1,gn,0058_01_gn.jpg
4279,train,0058,1,ba,0058_01_ba.jpg
4280,train,0058,2,hf,0058_02_hf.jpg
4281,train,0058,2,vf,0058_02_vf.jpg
4282,train,0058,2,r90,0058_02_r90.jpg
4283,train,0058,2,gn,0058_02_gn.jpg
4284,train,0058,2,ba,0058_02_ba.jpg
4285,train,0058,3,hf,0058_03_hf.jpg
4286,train,0058,3,vf,0058_03_vf.jpg
4287,train,0058,3,r90,0058_03_r90.jpg
4288,train,0058,3,gn,0058_03_gn.jpg
4289,train,0058,3,ba,0058_03_ba.jpg
4290,train,0058,4,hf,0058_04_hf.jpg
4291,train,0058,4,vf,0058_04_vf.jpg
4292,train,0058,4,r90,0058_04_r90.jpg
4293,train,0058,4,gn,0058_04_gn.jpg
4294,train,0058,4,ba,0058_04_ba.jpg
4295,train,0058,5,hf,0058_05_hf.jpg
4296,train,0058,5,vf,0058_05_vf.jpg
4297,train,0058,5,r90,0058_05_r90.jpg
4298,train,0058,5,gn,0058_05_gn.jpg
4299,train,0058,5,ba,0058_05_ba.jpg
4300,train,0058,6,hf,0058_06_hf.jpg
4301,train,0058,6,vf,0058_06_vf.jpg
4302,train,0058,6,r90,0058_06_r90.jpg
4303,train,0058,6,gn,0058_06_gn.jpg
4304,train,0058,6,ba,0058_06_ba.jpg
4305,train,0058,7,hf,0058_07_hf.jpg
4306,train,0058,7,vf,0058_07_vf.jpg
4307,train,0058,7,r90,0058_07_r90.jpg
4308,train,0058,7,gn,0058_07_gn.jpg
4309,train,0058,7,ba,0058_07_ba.jpg
4310,train,0058,8,hf,0058_08_hf.jpg
4311,train,0058,8,vf,0058_08_vf.jpg
4312,train,0058,8,r90,0058_08_r90.jpg
4313,train,0058,8,gn,0058_08_gn.jpg
4314,train,0058,8,ba,0058_08_ba.jpg
4315,train,0058,9,hf,0058_09_hf.jpg
4316,train,0058,9,vf,0058_09_vf.jpg
4317,train,0058,9,r90,0058_09_r90.jpg
4318,train,0058,9,gn,0058_09_gn.jpg
4319,train,0058,9,ba,0058_09_ba.jpg
4320,train,0058,10,hf,0058_10_hf.jpg
4321,train,0058,10,vf,0058_10_vf.jpg
4322,train,0058,10,r90,0058_10_r90.jpg
4323,train,0058,10,gn,0058_10_gn.jpg
4324,train,0058,10,ba,0058_10_ba.jpg
4325,train,0058,11,hf,0058_11_hf.jpg
4326,train,0058,11,vf,0058_11_vf.jpg
4327,train,0058,11,r90,0058_11_r90.jpg
4328,train,0058,11,gn,0058_11_gn.jpg
4329,train,0058,11,ba,0058_11_ba.jpg
4330,train,0058,12,hf,0058_12_hf.jpg
4331,train,0058,12,vf,0058_12_vf.jpg
4332,train,0058,12,r90,0058_12_r90.jpg
4333,train,0058,12,gn,0058_12_gn.jpg
4334,train,0058,12,ba,0058_12_ba.jpg
4335,train,0058,13,hf,0058_13_hf.jpg
4336,train,0058,13,vf,0058_13_vf.jpg
4337,train,0058,13,r90,0058_13_r90.jpg
4338,train,0058,13,gn,0058_13_gn.jpg
4339,train,0058,13,ba,0058_13_ba.jpg
4340,train,0058,14,hf,0058_14_hf.jpg
4341,train,0058,14,vf,0058_14_vf.jpg
4342,train,0058,14,r90,0058_14_r90.jpg
4343,train,0058,14,gn,0058_14_gn.jpg
4344,train,0058,14,ba,0058_14_ba.jpg
4345,train,0064,1,hf,0064_01_hf.jpg
4346,train,0064,1,vf,0064_01_vf.jpg
4347,train,0064,1,r90,0064_01_r90.jpg
4348,train,0064,1,gn,0064_01_gn.jpg
4349,train,0064,1,ba,0064_01_ba.jpg
4350,train,0064,2,hf,0064_02_hf.jpg
4351,train,0064,2,vf,0064_02_vf.jpg
4352,train,0064,2,r90,0064_02_r90.jpg
4353,train,0064,2,gn,0064_02_gn.jpg
4354,train,0064,2,ba,0064_02_ba.jpg
4355,train,0064,3,hf,0064_03_hf.jpg
4356,train,0064,3,vf,0064_03_vf.jpg
4357,train,0064,3,r90,0064_03_r90.jpg
4358,train,0064,3,gn,0064_03_gn.jpg
4359,train,0064,3,ba,0064_03_ba.jpg
4360,train,0064,4,hf,0064_04_hf.jpg
4361,train,0064,4,vf,0064_04_vf.jpg
4362,train,0064,4,r90,0064_04_r90.jpg
4363,train,0064,4,gn,0064_04_gn.jpg
4364,train,0064,4,ba,0064_04_ba.jpg
4365,train,0064,5,hf,0064_05_hf.jpg
4366,train,0064,5,vf,0064_05_vf.jpg
4367,train,0064,5,r90,0064_05_r90.jpg
4368,train,0064,5,gn,0064_05_gn.jpg
4369,train,0064,5,ba,0064_05_ba.jpg
4370,train,0064,6,hf,0064_06_hf.jpg
4371,train,0064,6,vf,0064_06_vf.jpg
4372,train,0064,6,r90,0064_06_r90.jpg
4373,train,0064,6,gn,0064_06_gn.jpg
4374,train,0064,6,ba,0064_06_ba.jpg
4375,train,0064,7,hf,0064_07_hf.jpg
4376,train,0064,7,vf,0064_07_vf.jpg
4377,train,0064,7,r90,0064_07_r90.jpg
4378,train,0064,7,gn,0064_07_gn.jpg
4379,train,0064,7,ba,0064_07_ba.jpg
4380,train,0064,8,hf,0064_08_hf.jpg
4381,train,0064,8,vf,0064_08_vf.jpg
4382,train,0064,8,r90,0064_08_r90.jpg
4383,train,0064,8,gn,0064_08_gn.jpg
4384,train,0064,8,ba,0064_08_ba.jpg
4385,train,0064,9,hf,0064_09_hf.jpg
4386,train,0064,9,vf,0064_09_vf.jpg
4387,train,0064,9,r90,0064_09_r90.jpg
4388,train,0064,9,gn,0064_09_gn.jpg
4389,train,0064,9,ba,0064_09_ba.jpg
4390,train,0064,10,hf,0064_10_hf.jpg
4391,train,0064,10,vf,0064_10_vf.jpg
4392,train,0064,10,r90,0064_10_r90.jpg
4393,train,0064,10,gn,0064_10_gn.jpg
4394,train,0064,10,ba,0064_10_ba.jpg
4395,train,0064,11,hf,0064_11_hf.jpg
4396,train,0064,11,vf,0064_11_vf.jpg
4397,train,0064,11,r90,0064_11_r90.jpg
4398,train,0064,11,gn,0064_11_gn.jpg
4399,train,0064,11,ba,0064_11_ba.jpg
4400,train,0064,12,hf,0064_12_hf.jpg
4401,train,0064,12,vf,0064_12_vf.jpg
4402,train,0064,12,r90,0064_12_r90.jpg
4403,train,0064,12,gn,0064_12_gn.jpg
4404,train,0064,12,ba,0064_12_ba.jpg
4405,train,0069,1,hf,0069_01_hf.jpg
4406,train,0069,1,vf,0069_01_vf.jpg
4407,train,0069,1,r90,0069_01_r90.jpg
4408,train,0069,1,gn,0069_01_gn.jpg
4409,train,0069,1,ba,0069_01_ba.jpg
4410,train,0069,2,hf,0069_02_hf.jpg
4411,train,0069,2,vf,0069_02_vf.jpg
4412,train,0069,2,r90,0069_02_r90.jpg
4413,train,0069,2,gn,0069_02_gn.jpg
4414,train,0069,2,ba,0069_02_ba.jpg
4415,train,0069,3,hf,0069_03_hf.jpg
4416,train,0069,3,vf,0069_03_vf.jpg
4417,train,0069,3,r90,0069_03_r90.jpg
4418,train,0069,3,gn,0069_03_gn.jpg
4419,train,0069,3,ba,0069_03_ba.jpg
4420,train,0069,4,hf,0069_04_hf.jpg
4421,train,0069,4,vf,0069_04_vf.jpg
4422,train,0069,4,r90,0069_04_r90.jpg
4423,train,0069,4,gn,0069_04_gn.jpg
4424,train,0069,4,ba,0069_04_ba.jpg
4425,train,0069,5,hf,0069_05_hf.jpg
4426,train,0069,5,vf,0069_05_vf.jpg
4427,train,0069,5,r90,0069_05_r90.jpg
4428,train,0069,5,gn,0069_05_gn.jpg
4429,train,0069,5,ba,0069_05_ba.jpg
4430,train,0069,6,hf,0069_06_hf.jpg
4431,train,0069,6,vf,0069_06_vf.jpg
4432,train,0069,6,r90,0069_06_r90.jpg
4433,train,0069,6,gn,0069_06_gn.jpg
4434,train,0069,6,ba,0069_06_ba.jpg
4435,train,0069,7,hf,0069_07_hf.jpg
4436,train,0069,7,vf,0069_07_vf.jpg
4437,train,0069,7,r90,0069_07_r90.jpg
4438,train,0069,7,gn,0069_07_gn.jpg
4439,train,0069,7,ba,0069_07_ba.jpg
4440,train,0069,8,hf,0069_08_hf.jpg
4441,train,0069,8,vf,0069_08_vf.jpg
4442,train,0069,8,r90,0069_08_r90.jpg
4443,train,0069,8,gn,0069_08_gn.jpg
4444,train,0069,8,ba,0069_08_ba.jpg
4445,train,0069,9,hf,0069_09_hf.jpg
4446,train,0069,9,vf,0069_09_vf.jpg
4447,train,0069,9,r90,0069_09_r90.jpg
4448,train,0069,9,gn,0069_09_gn.jpg
4449,train,0069,9,ba,0069_09_ba.jpg
4450,train,0069,10,hf,0069_10_hf.jpg
4451,train,0069,10,vf,0069_10_vf.jpg
4452,train,0069,10,r90,0069_10_r90.jpg
4453,train,0069,10,gn,0069_10_gn.jpg
4454,train,0069,10,ba,0069_10_ba.jpg
4455,train,0069,11,hf,0069_11_hf.jpg
4456,train,0069,11,vf,0069_11_vf.jpg
4457,train,0069,11,r90,0069_11_r90.jpg
4458,train,0069,11,gn,0069_11_gn.jpg
4459,train,0069,11,ba,0069_11_ba.jpg
4460,train,0069,12,hf,0069_12_hf.jpg
4461,train,0069,12,vf,0069_12_vf.jpg
4462,train,0069,12,r90,0069_12_r90.jpg
4463,train,0069,12,gn,0069_12_gn.jpg
4464,train,0069,12,ba,0069_12_ba.jpg
4465,train,0069,13,hf,0069_13_hf.jpg
4466,train,0069,13,vf,0069_13_vf.jpg
4467,train,0069,13,r90,0069_13_r90.jpg
4468,train,0069,13,gn,0069_13_gn.jpg
4469,train,0069,13,ba,0069_13_ba.jpg
4470,train,0069,14,hf,0069_14_hf.jpg
4471,train,0069,14,vf,0069_14_vf.jpg
4472,train,0069,14,r90,0069_14_r90.jpg
4473,train,0069,14,gn,0069_14_gn.jpg
4474,train,0069,14,ba,0069_14_ba.jpg
4475,train,0069,15,hf,0069_15_hf.jpg
4476,train,0069,15,vf,0069_15_vf.jpg
4477,train,0069,15,r90,0069_15_r90.jpg
4478,train,0069,15,gn,0069_15_gn.jpg
4479,train,0069,15,ba,0069_15_ba.jpg
4480,train,0069,16,hf,0069_16_hf.jpg
4481,train,0069,16,vf,0069_16_vf.jpg
4482,train,0069,16,r90,0069_16_r90.jpg
4483,train,0069,16,gn,0069_16_gn.jpg
4484,train,0069,16,ba,0069_16_ba.jpg
4485,train,0069,17,hf,0069_17_hf.jpg
4486,train,0069,17,vf,0069_17_vf.jpg
4487,train,0069,17,r90,0069_17_r90.jpg
4488,train,0069,17,gn,0069_17_gn.jpg
4489,train,0069,17,ba,0069_17_ba.jpg
4490,train,0069,18,hf,0069_18_hf.jpg
4491,train,0069,18,vf,0069_18_vf.jpg
4492,train,0069,18,r90,0069_18_r90.jpg
4493,train,0069,18,gn,0069_18_gn.jpg
4494,train,0069,18,ba,0069_18_ba.jpg
4495,train,0069,19,hf,0069_19_hf.jpg
4496,train,0069,19,vf,0069_19_vf.jpg
4497,train,0069,19,r90,0069_19_r90.jpg
4498,train,0069,19,gn,0069_19_gn.jpg
4499,train,0069,19,ba,0069_19_ba.jpg
4500,train,0069,20,hf,0069_20_hf.jpg
4501,train,0069,20,vf,0069_20_vf.jpg
4502,train,0069,20,r90,0069_20_r90.jpg
4503,train,0069,20,gn,0069_20_gn.jpg
4504,train,0069,20,ba,0069_20_ba.jpg
4505,train,0069,21,hf,0069_21_hf.jpg
4506,train,0069,21,vf,0069_21_vf.jpg
4507,train,0069,21,r90,0069_21_r90.jpg
4508,train,0069,21,gn,0069_21_gn.jpg
4509,train,0069,21,ba,0069_21_ba.jpg
4510,train,0069,22,hf,0069_22_hf.jpg
4511,train,0069,22,vf,0069_22_vf.jpg
4512,train,0069,22,r90,0069_22_r90.jpg
4513,train,0069,22,gn,0069_22_gn.jpg
4514,train,0069,22,ba,0069_22_ba.jpg
4515,train,0069,23,hf,0069_23_hf.jpg
4516,train,0069,23,vf,0069_23_vf.jpg
4517,train,0069,23,r90,0069_23_r90.jpg
4518,train,0069,23,gn,0069_23_gn.jpg
4519,train,0069,23,ba,0069_23_ba.jpg
4520,train,0070,1,hf,0070_01_hf.jpg
4521,train,0070,1,vf,0070_01_vf.jpg
4522,train,0070,1,r90,0070_01_r90.jpg
4523,train,0070,1,gn,0070_01_gn.jpg
4524,train,0070,1,ba,0070_01_ba.jpg
4525,train,0070,2,hf,0070_02_hf.jpg
4526,train,0070,2,vf,0070_02_vf.jpg
4527,train,0070,2,r90,0070_02_r90.jpg
4528,train,0070,2,gn,0070_02_gn.jpg
4529,train,0070,2,ba,0070_02_ba.jpg
4530,train,0070,3,hf,0070_03_hf.jpg
4531,train,0070,3,vf,0070_03_vf.jpg
4532,train,0070,3,r90,0070_03_r90.jpg
4533,train,0070,3,gn,0070_03_gn.jpg
4534,train,0070,3,ba,0070_03_ba.jpg
4535,train,0070,4,hf,0070_04_hf.jpg
4536,train,0070,4,vf,0070_04_vf.jpg
4537,train,0070,4,r90,0070_04_r90.jpg
4538,train,0070,4,gn,0070_04_gn.jpg
4539,train,0070,4,ba,0070_04_ba.jpg
4540,train,0070,5,hf,0070_05_hf.jpg
4541,train,0070,5,vf,0070_05_vf.jpg
4542,train,0070,5,r90,0070_05_r90.jpg
4543,train,0070,5,gn,0070_05_gn.jpg
4544,train,0070,5,ba,0070_05_ba.jpg
4545,train,0070,6,hf,0070_06_hf.jpg
4546,train,0070,6,vf,0070_06_vf.jpg
4547,train,0070,6,r90,0070_06_r90.jpg
4548,train,0070,6,gn,0070_06_gn.jpg
4549,train,0070,6,ba,0070_06_ba.jpg
4550,train,0070,7,hf,0070_07_hf.jpg
4551,train,0070,7,vf,0070_07_vf.jpg
4552,train,0070,7,r90,0070_07_r90.jpg
4553,train,0070,7,gn,0070_07_gn.jpg
4554,train,0070,7,ba,0070_07_ba.jpg
4555,train,0070,8,hf,0070_08_hf.jpg
4556,train,0070,8,vf,0070_08_vf.jpg
4557,train,0070,8,r90,0070_08_r90.jpg
4558,train,0070,8,gn,0070_08_gn.jpg
4559,train,0070,8,ba,0070_08_ba.jpg
4560,train,0070,9,hf,0070_09_hf.jpg
4561,train,0070,9,vf,0070_09_vf.jpg
4562,train,0070,9,r90,0070_09_r90.jpg
4563,train,0070,9,gn,0070_09_gn.jpg
4564,train,0070,9,ba,0070_09_ba.jpg
4565,train,0070,10,hf,0070_10_hf.jpg
4566,train,0070,10,vf,0070_10_vf.jpg
4567,train,0070,10,r90,0070_10_r90.jpg
4568,train,0070,10,gn,0070_10_gn.jpg
4569,train,0070,10,ba,0070_10_ba.jpg
4570,train,0070,11,hf,0070_11_hf.jpg
4571,train,0070,11,vf,0070_11_vf.jpg
4572,train,0070,11,r90,0070_11_r90.jpg
4573,train,0070,11,gn,0070_11_gn.jpg
4574,train,0070,11,ba,0070_11_ba.jpg
4575,train,0070,12,hf,0070_12_hf.jpg
4576,train,0070,12,vf,0070_12_vf.jpg
4577,train,0070,12,r90,0070_12_r90.jpg
4578,train,0070,12,gn,0070_12_gn.jpg
4579,train,0070,12,ba,0070_12_ba.jpg
4580,train,0070,13,hf,0070_13_hf.jpg
4581,train,0070,13,vf,0070_13_vf.jpg
4582,train,0070,13,r90,0070_13_r90.jpg
4583,train,0070,13,gn,0070_13_gn.jpg
4584,train,0070,13,ba,0070_13_ba.jpg
4585,train,0070,14,hf,0070_14_hf.jpg
4586,train,0070,14,vf,0070_14_vf.jpg
4587,train,0070,14,r90,0070_14_r90.jpg
4588,train,0070,14,gn,0070_14_gn.jpg
4589,train,0070,14,ba,0070_14_ba.jpg
4590,train,0070,15,hf,0070_15_hf.jpg
4591,train,0070,15,vf,0070_15_vf.jpg
4592,train,0070,15,r90,0070_15_r90.jpg
4593,train,0070,15,gn,0070_15_gn.jpg
4594,train,0070,15,ba,0070_15_ba.jpg
4595,train,0070,16,hf,0070_16_hf.jpg
4596,train,0070,16,vf,0070_16_vf.jpg
4597,train,0070,16,r90,0070_16_r90.jpg
4598,train,0070,16,gn,0070_16_gn.jpg
4599,train,0070,16,ba,0070_16_ba.jpg
4600,train,0070,17,hf,0070_17_hf.jpg
4601,train,0070,17,vf,0070_17_vf.jpg
4602,train,0070,17,r90,0070_17_r90.jpg
4603,train,0070,17,gn,0070_17_gn.jpg
4604,train,0070,17,ba,0070_17_ba.jpg
4605,train,0070,18,hf,0070_18_hf.jpg
4606,train,0070,18,vf,0070_18_vf.jpg
4607,train,0070,18,r90,0070_18_r90.jpg
4608,train,0070,18,gn,0070_18_gn.jpg
4609,train,0070,18,ba,0070_18_ba.jpg
4610,train,0070,19,hf,0070_19_hf.jpg
4611,train,0070,19,vf,0070_19_vf.jpg
4612,train,0070,19,r90,0070_19_r90.jpg
4613,train,0070,19,gn,0070_19_gn.jpg
4614,train,0070,19,ba,0070_19_ba.jpg
4615,train,0070,20,hf,0070_20_hf.jpg
4616,train,0070,20,vf,0070_20_vf.jpg
4617,train,0070,20,r90,0070_20_r90.jpg
4618,train,0070,20,gn,0070_20_gn.jpg
4619,train,0070,20,ba,0070_20_ba.jpg
4620,train,0070,21,hf,0070_21_hf.jpg
4621,train,0070,21,vf,0070_21_vf.jpg
4622,train,0070,21,r90,0070_21_r90.jpg
4623,train,0070,21,gn,0070_21_gn.jpg
4624,train,0070,21,ba,0070_21_ba.jpg
4625,train,0070,22,hf,0070_22_hf.jpg
4626,train,0070,22,vf,0070_22_vf.jpg
4627,train,0070,22,r90,0070_22_r90.jpg
4628,train,0070,22,gn,0070_22_gn.jpg
4629,train,0070,22,ba,0070_22_ba.jpg
4630,train,0070,23,hf,0070_23_hf.jpg
4631,train,0070,23,vf,0070_23_vf.jpg
4632,train,0070,23,r90,0070_23_r90.jpg
4633,train,0070,23,gn,0070_23_gn.jpg
4634,train,0070,23,ba,0070_23_ba.jpg
4635,train,0071,1,hf,0071_01_hf.jpg
4636,train,0071,1,vf,0071_01_vf.jpg
4637,train,0071,1,r90,0071_01_r90.jpg
4638,train,0071,1,gn,0071_01_gn.jpg
4639,train,0071,1,ba,0071_01_ba.jpg
4640,train,0071,2,hf,0071_02_hf.jpg
4641,train,0071,2,vf,0071_02_vf.jpg
4642,train,0071,2,r90,0071_02_r90.jpg
4643,train,0071,2,gn,0071_02_gn.jpg
4644,train,0071,2,ba,0071_02_ba.jpg
4645,train,0071,3,hf,0071_03_hf.jpg
4646,train,0071,3,vf,0071_03_vf.jpg
4647,train,0071,3,r90,0071_03_r90.jpg
4648,train,0071,3,gn,0071_03_gn.jpg
4649,train,0071,3,ba,0071_03_ba.jpg
4650,train,0071,4,hf,0071_04_hf.jpg
4651,train,0071,4,vf,0071_04_vf.jpg
4652,train,0071,4,r90,0071_04_r90.jpg
4653,train,0071,4,gn,0071_04_gn.jpg
4654,train,0071,4,ba,0071_04_ba.jpg
4655,train,0071,5,hf,0071_05_hf.jpg
4656,train,0071,5,vf,0071_05_vf.jpg
4657,train,0071,5,r90,0071_05_r90.jpg
4658,train,0071,5,gn,0071_05_gn.jpg
4659,train,0071,5,ba,0071_05_ba.jpg
4660,train,0071,6,hf,0071_06_hf.jpg
4661,train,0071,6,vf,0071_06_vf.jpg
4662,train,0071,6,r90,0071_06_r90.jpg
4663,train,0071,6,gn,0071_06_gn.jpg
4664,train,0071,6,ba,0071_06_ba.jpg
4665,train,0071,7,hf,0071_07_hf.jpg
4666,train,0071,7,vf,0071_07_vf.jpg
4667,train,0071,7,r90,0071_07_r90.jpg
4668,train,0071,7,gn,0071_07_gn.jpg
4669,train,0071,7,ba,0071_07_ba.jpg
4670,train,0071,8,hf,0071_08_hf.jpg
4671,train,0071,8,vf,0071_08_vf.jpg
4672,train,0071,8,r90,0071_08_r90.jpg
4673,train,0071,8,gn,0071_08_gn.jpg
4674,train,0071,8,ba,0071_08_ba.jpg
4675,train,0071,9,hf,0071_09_hf.jpg
4676,train,0071,9,vf,0071_09_vf.jpg
4677,train,0071,9,r90,0071_09_r90.jpg
4678,train,0071,9,gn,0071_09_gn.jpg
4679,train,0071,9,ba,0071_09_ba.jpg
4680,train,0071,10,hf,0071_10_hf.jpg
4681,train,0071,10,vf,0071_10_vf.jpg
4682,train,0071,10,r90,0071_10_r90.jpg
4683,train,0071,10,gn,0071_10_gn.jpg
4684,train,0071,10,ba,0071_10_ba.jpg
4685,train,0071,11,hf,0071_11_hf.jpg
4686,train,0071,11,vf,0071_11_vf.jpg
4687,train,0071,11,r90,0071_11_r90.jpg
4688,train,0071,11,gn,0071_11_gn.jpg
4689,train,0071,11,ba,0071_11_ba.jpg
4690,train,0071,12,hf,0071_12_hf.jpg
4691,train,0071,12,vf,0071_12_vf.jpg
4692,train,0071,12,r90,0071_12_r90.jpg
4693,train,0071,12,gn,0071_12_gn.jpg
4694,train,0071,12,ba,0071_12_ba.jpg
4695,train,0071,13,hf,0071_13_hf.jpg
4696,train,0071,13,vf,0071_13_vf.jpg
4697,train,0071,13,r90,0071_13_r90.jpg
4698,train,0071,13,gn,0071_13_gn.jpg
4699,train,0071,13,ba,0071_13_ba.jpg
4700,train,0071,14,hf,0071_14_hf.jpg
4701,train,0071,14,vf,0071_14_vf.jpg
4702,train,0071,14,r90,0071_14_r90.jpg
4703,train,0071,14,gn,0071_14_gn.jpg
4704,train,0071,14,ba,0071_14_ba.jpg
4705,train,0071,15,hf,0071_15_hf.jpg
4706,train,0071,15,vf,0071_15_vf.jpg
4707,train,0071,15,r90,0071_15_r90.jpg
4708,train,0071,15,gn,0071_15_gn.jpg
4709,train,0071,15,ba,0071_15_ba.jpg
4710,train,0071,16,hf,0071_16_hf.jpg
4711,train,0071,16,vf,0071_16_vf.jpg
4712,train,0071,16,r90,0071_16_r90.jpg
4713,train,0071,16,gn,0071_16_gn.jpg
4714,train,0071,16,ba,0071_16_ba.jpg
4715,train,0071,17,hf,0071_17_hf.jpg
4716,train,0071,17,vf,0071_17_vf.jpg
4717,train,0071,17,r90,0071_17_r90.jpg
4718,train,0071,17,gn,0071_17_gn.jpg
4719,train,0071,17,ba,0071_17_ba.jpg
4720,train,0071,18,hf,0071_18_hf.jpg
4721,train,0071,18,vf,0071_18_vf.jpg
4722,train,0071,18,r90,0071_18_r90.jpg
4723,train,0071,18,gn,0071_18_gn.jpg
4724,train,0071,18,ba,0071_18_ba.jpg
4725,train,0071,19,hf,0071_19_hf.jpg
4726,train,0071,19,vf,0071_19_vf.jpg
4727,train,0071,19,r90,0071_19_r90.jpg
4728,train,0071,19,gn,0071_19_gn.jpg
4729,train,0071,19,ba,0071_19_ba.jpg
4730,train,0071,20,hf,0071_20_hf.jpg
4731,train,0071,20,vf,0071_20_vf.jpg
4732,train,0071,20,r90,0071_20_r90.jpg
4733,train,0071,20,gn,0071_20_gn.jpg
4734,train,0071,20,ba,0071_20_ba.jpg
4735,train,0071,21,hf,0071_21_hf.jpg
4736,train,0071,21,vf,0071_21_vf.jpg
4737,train,0071,21,r90,0071_21_r90.jpg
4738,train,0071,21,gn,0071_21_gn.jpg
4739,train,0071,21,ba,0071_21_ba.jpg
4740,train,0071,22,hf,0071_22_hf.jpg
4741,train,0071,22,vf,0071_22_vf.jpg
4742,train,0071,22,r90,0071_22_r90.jpg
4743,train,0071,22,gn,0071_22_gn.jpg
4744,train,0071,22,ba,0071_22_ba.jpg
4745,train,0071,23,hf,0071_23_hf.jpg
4746,train,0071,23,vf,0071_23_vf.jpg
4747,train,0071,23,r90,0071_23_r90.jpg
4748,train,0071,23,gn,0071_23_gn.jpg
4749,train,0071,23,ba,0071_23_ba.jpg
4750,train,0072,1,hf,0072_01_hf.jpg
4751,train,0072,1,vf,0072_01_vf.jpg
4752,train,0072,1,r90,0072_01_r90.jpg
4753,train,0072,1,gn,0072_01_gn.jpg
4754,train,0072,1,ba,0072_01_ba.jpg
4755,train,0072,2,hf,0072_02_hf.jpg
4756,train,0072,2,vf,0072_02_vf.jpg
4757,train,0072,2,r90,0072_02_r90.jpg
4758,train,0072,2,gn,0072_02_gn.jpg
4759,train,0072,2,ba,0072_02_ba.jpg
4760,train,0072,3,hf,0072_03_hf.jpg
4761,train,0072,3,vf,0072_03_vf.jpg
4762,train,0072,3,r90,0072_03_r90.jpg
4763,train,0072,3,gn,0072_03_gn.jpg
4764,train,0072,3,ba,0072_03_ba.jpg
4765,train,0072,4,hf,0072_04_hf.jpg
4766,train,0072,4,vf,0072_04_vf.jpg
4767,train,0072,4,r90,0072_04_r90.jpg
4768,train,0072,4,gn,0072_04_gn.jpg
4769,train,0072,4,ba,0072_04_ba.jpg
4770,train,0072,5,hf,0072_05_hf.jpg
4771,train,0072,5,vf,0072_05_vf.jpg
4772,train,0072,5,r90,0072_05_r90.jpg
4773,train,0072,5,gn,0072_05_gn.jpg
4774,train,0072,5,ba,0072_05_ba.jpg
4775,train,0072,6,hf,0072_06_hf.jpg
4776,train,0072,6,vf,0072_06_vf.jpg
4777,train,0072,6,r90,0072_06_r90.jpg
4778,train,0072,6,gn,0072_06_gn.jpg
4779,train,0072,6,ba,0072_06_ba.jpg
4780,train,0072,7,hf,0072_07_hf.jpg
4781,train,0072,7,vf,0072_07_vf.jpg
4782,train,0072,7,r90,0072_07_r90.jpg
4783,train,0072,7,gn,0072_07_gn.jpg
4784,train,0072,7,ba,0072_07_ba.jpg
4785,train,0072,8,hf,0072_08_hf.jpg
4786,train,0072,8,vf,0072_08_vf.jpg
4787,train,0072,8,r90,0072_08_r90.jpg
4788,train,0072,8,gn,0072_08_gn.jpg
4789,train,0072,8,ba,0072_08_ba.jpg
4790,train,0072,9,hf,0072_09_hf.jpg
4791,train,0072,9,vf,0072_09_vf.jpg
4792,train,0072,9,r90,0072_09_r90.jpg
4793,train,0072,9,gn,0072_09_gn.jpg
4794,train,0072,9,ba,0072_09_ba.jpg
4795,train,0072,10,hf,0072_10_hf.jpg
4796,train,0072,10,vf,0072_10_vf.jpg
4797,train,0072,10,r90,0072_10_r90.jpg
4798,train,0072,10,gn,0072_10_gn.jpg
4799,train,0072,10,ba,0072_10_ba.jpg
4800,train,0072,11,hf,0072_11_hf.jpg
4801,train,0072,11,vf,0072_11_vf.jpg
4802,train,0072,11,r90,0072_11_r90.jpg
4803,train,0072,11,gn,0072_11_gn.jpg
4804,train,0072,11,ba,0072_11_ba.jpg
4805,train,0072,12,hf,0072_12_hf.jpg
4806,train,0072,12,vf,0072_12_vf.jpg
4807,train,0072,12,r90,0072_12_r90.jpg
4808,train,0072,12,gn,0072_12_gn.jpg
4809,train,0072,12,ba,0072_12_ba.jpg
4810,train,0072,13,hf,0072_13_hf.jpg
4811,train,0072,13,vf,0072_13_vf.jpg
4812,train,0072,13,r90,0072_13_r90.jpg
4813,train,0072,13,gn,0072_13_gn.jpg
4814,train,0072,13,ba,0072_13_ba.jpg
4815,train,0072,14,hf,0072_14_hf.jpg
4816,train,0072,14,vf,0072_14_vf.jpg
4817,train,0072,14,r90,0072_14_r90.jpg
4818,train,0072,14,gn,0072_14_gn.jpg
4819,train,0072,14,ba,0072_14_ba.jpg
4820,train,0072,15,hf,0072_15_hf.jpg
4821,train,0072,15,vf,0072_15_vf.jpg
4822,train,0072,15,r90,0072_15_r90.jpg
4823,train,0072,15,gn,0072_15_gn.jpg
4824,train,0072,15,ba,0072_15_ba.jpg
4825,train,0072,16,hf,0072_16_hf.jpg
4826,train,0072,16,vf,0072_16_vf.jpg
4827,train,0072,16,r90,0072_16_r90.jpg
4828,train,0072,16,gn,0072_16_gn.jpg
4829,train,0072,16,ba,0072_16_ba.jpg
4830,train,0072,17,hf,0072_17_hf.jpg
4831,train,0072,17,vf,0072_17_vf.jpg
4832,train,0072,17,r90,0072_17_r90.jpg
4833,train,0072,17,gn,0072_17_gn.jpg
4834,train,0072,17,ba,0072_17_ba.jpg
4835,train,0072,18,hf,0072_18_hf.jpg
4836,train,0072,18,vf,0072_18_vf.jpg
4837,train,0072,18,r90,0072_18_r90.jpg
4838,train,0072,18,gn,0072_18_gn.jpg
4839,train,0072,18,ba,0072_18_ba.jpg
4840,train,0072,19,hf,0072_19_hf.jpg
4841,train,0072,19,vf,0072_19_vf.jpg
4842,train,0072,19,r90,0072_19_r90.jpg
4843,train,0072,19,gn,0072_19_gn.jpg
4844,train,0072,19,ba,0072_19_ba.jpg
4845,train,0072,20,hf,0072_20_hf.jpg
4846,train,0072,20,vf,0072_20_vf.jpg
4847,train,0072,20,r90,0072_20_r90.jpg
4848,train,0072,20,gn,0072_20_gn.jpg
4849,train,0072,20,ba,0072_20_ba.jpg
4850,train,0072,21,hf,0072_21_hf.jpg
4851,train,0072,21,vf,0072_21_vf.jpg
4852,train,0072,21,r90,0072_21_r90.jpg
4853,train,0072,21,gn,0072_21_gn.jpg
4854,train,0072,21,ba,0072_21_ba.jpg
4855,train,0072,22,hf,0072_22_hf.jpg
4856,train,0072,22,vf,0072_22_vf.jpg
4857,train,0072,22,r90,0072_22_r90.jpg
4858,train,0072,22,gn,0072_22_gn.jpg
4859,train,0072,22,ba,0072_22_ba.jpg
4860,train,0072,23,hf,0072_23_hf.jpg
4861,train,0072,23,vf,0072_23_vf.jpg
4862,train,0072,23,r90,0072_23_r90.jpg
4863,train,0072,23,gn,0072_23_gn.jpg
4864,train,0072,23,ba,0072_23_ba.jpg
4865,train,0073,1,hf,0073_01_hf.jpg
4866,train,0073,1,vf,0073_01_vf.jpg
4867,train,0073,1,r90,0073_01_r90.jpg
4868,train,0073,1,gn,0073_01_gn.jpg
4869,train,0073,1,ba,0073_01_ba.jpg
4870,train,0073,2,hf,0073_02_hf.jpg
4871,train,0073,2,vf,0073_02_vf.jpg
4872,train,0073,2,r90,0073_02_r90.jpg
4873,train,0073,2,gn,0073_02_gn.jpg
4874,train,0073,2,ba,0073_02_ba.jpg
4875,train,0073,3,hf,0073_03_hf.jpg
4876,train,0073,3,vf,0073_03_vf.jpg
4877,train,0073,3,r90,0073_03_r90.jpg
4878,train,0073,3,gn,0073_03_gn.jpg
4879,train,0073,3,ba,0073_03_ba.jpg
4880,train,0073,4,hf,0073_04_hf.jpg
4881,train,0073,4,vf,0073_04_vf.jpg
4882,train,0073,4,r90,0073_04_r90.jpg
4883,train,0073,4,gn,0073_04_gn.jpg
4884,train,0073,4,ba,0073_04_ba.jpg
4885,train,0073,5,hf,0073_05_hf.jpg
4886,train,0073,5,vf,0073_05_vf.jpg
4887,train,0073,5,r90,0073_05_r90.jpg
4888,train,0073,5,gn,0073_05_gn.jpg
4889,train,0073,5,ba,0073_05_ba.jpg
4890,train,0073,6,hf,0073_06_hf.jpg
4891,train,0073,6,vf,0073_06_vf.jpg
4892,train,0073,6,r90,0073_06_r90.jpg
4893,train,0073,6,gn,0073_06_gn.jpg
4894,train,0073,6,ba,0073_06_ba.jpg
4895,train,0073,7,hf,0073_07_hf.jpg
4896,train,0073,7,vf,0073_07_vf.jpg
4897,train,0073,7,r90,0073_07_r90.jpg
4898,train,0073,7,gn,0073_07_gn.jpg
4899,train,0073,7,ba,0073_07_ba.jpg
4900,train,0073,8,hf,0073_08_hf.jpg
4901,train,0073,8,vf,0073_08_vf.jpg
4902,train,0073,8,r90,0073_08_r90.jpg
4903,train,0073,8,gn,0073_08_gn.jpg
4904,train,0073,8,ba,0073_08_ba.jpg
4905,train,0073,9,hf,0073_09_hf.jpg
4906,train,0073,9,vf,0073_09_vf.jpg
4907,train,0073,9,r90,0073_09_r90.jpg
4908,train,0073,9,gn,0073_09_gn.jpg
4909,train,0073,9,ba,0073_09_ba.jpg
4910,train,0073,10,hf,0073_10_hf.jpg
4911,train,0073,10,vf,0073_10_vf.jpg
4912,train,0073,10,r90,0073_10_r90.jpg
4913,train,0073,10,gn,0073_10_gn.jpg
4914,train,0073,10,ba,0073_10_ba.jpg
4915,train,0073,11,hf,0073_11_hf.jpg
4916,train,0073,11,vf,0073_11_vf.jpg
4917,train,0073,11,r90,0073_11_r90.jpg
4918,train,0073,11,gn,0073_11_gn.jpg
4919,train,0073,11,ba,0073_11_ba.jpg
4920,train,0073,12,hf,0073_12_hf.jpg
4921,train,0073,12,vf,0073_12_vf.jpg
4922,train,0073,12,r90,0073_12_r90.jpg
4923,train,0073,12,gn,0073_12_gn.jpg
4924,train,0073,12,ba,0073_12_ba.jpg
4925,train,0073,13,hf,0073_13_hf.jpg
4926,train,0073,13,vf,0073_13_vf.jpg
4927,train,0073,13,r90,0073_13_r90.jpg
4928,train,0073,13,gn,0073_13_gn.jpg
4929,train,0073,13,ba,0073_13_ba.jpg
4930,train,0073,14,hf,0073_14_hf.jpg
4931,train,0073,14,vf,0073_14_vf.jpg
4932,train,0073,14,r90,0073_14_r90.jpg
4933,train,0073,14,gn,0073_14_gn.jpg
4934,train,0073,14,ba,0073_14_ba.jpg
4935,train,0073,15,hf,0073_15_hf.jpg
4936,train,0073,15,vf,0073_15_vf.jpg
4937,train,0073,15,r90,0073_15_r90.jpg
4938,train,0073,15,gn,0073_15_gn.jpg
4939,train,0073,15,ba,0073_15_ba.jpg
4940,train,0073,16,hf,0073_16_hf.jpg
4941,train,0073,16,vf,0073_16_vf.jpg
4942,train,0073,16,r90,0073_16_r90.jpg
4943,train,0073,16,gn,0073_16_gn.jpg
4944,train,0073,16,ba,0073_16_ba.jpg
4945,train,0073,17,hf,0073_17_hf.jpg
4946,train,0073,17,vf,0073_17_vf.jpg
4947,train,0073,17,r90,0073_17_r90.jpg
4948,train,0073,17,gn,0073_17_gn.jpg
4949,train,0073,17,ba,0073_17_ba.jpg
4950,train,0073,18,hf,0073_18_hf.jpg
4951,train,0073,18,vf,0073_18_vf.jpg
4952,train,0073,18,r90,0073_18_r90.jpg
4953,train,0073,18,gn,0073_18_gn.jpg
4954,train,0073,18,ba,0073_18_ba.jpg
4955,train,0073,19,hf,0073_19_hf.jpg
4956,train,0073,19,vf,0073_19_vf.jpg
4957,train,0073,19,r90,0073_19_r90.jpg
4958,train,0073,19,gn,0073_19_gn.jpg
4959,train,0073,19,ba,0073_19_ba.jpg
4960,train,0073,20,hf,0073_20_hf.jpg
4961,train,0073,20,vf,0073_20_vf.jpg
4962,train,0073,20,r90,0073_20_r90.jpg
4963,train,0073,20,gn,0073_20_gn.jpg
4964,train,0073,20,ba,0073_20_ba.jpg
4965,train,0073,21,hf,0073_21_hf.jpg
4966,train,0073,21,vf,0073_21_vf.jpg
4967,train,0073,21,r90,0073_21_r90.jpg
4968,train,0073,21,gn,0073_21_gn.jpg
4969,train,0073,21,ba,0073_21_ba.jpg
4970,train,0073,22,hf,0073_22_hf.jpg
4971,train,0073,22,vf,0073_22_vf.jpg
4972,train,0073,22,r90,0073_22_r90.jpg
4973,train,0073,22,gn,0073_22_gn.jpg
4974,train,0073,22,ba,0073_22_ba.jpg
4975,train,0073,23,hf,0073_23_hf.jpg
4976,train,0073,23,vf,0073_23_vf.jpg
4977,train,0073,23,r90,0073_23_r90.jpg
4978,train,0073,23,gn,0073_23_gn.jpg
4979,train,0073,23,ba,0073_23_ba.jpg
4980,train,0074,1,hf,0074_01_hf.jpg
4981,train,0074,1,vf,0074_01_vf.jpg
4982,train,0074,1,r90,0074_01_r90.jpg
4983,train,0074,1,gn,0074_01_gn.jpg
4984,train,0074,1,ba,0074_01_ba.jpg
4985,train,0074,2,hf,0074_02_hf.jpg
4986,train,0074,2,vf,0074_02_vf.jpg
4987,train,0074,2,r90,0074_02_r90.jpg
4988,train,0074,2,gn,0074_02_gn.jpg
4989,train,0074,2,ba,0074_02_ba.jpg
4990,train,0074,3,hf,0074_03_hf.jpg
4991,train,0074,3,vf,0074_03_vf.jpg
4992,train,0074,3,r90,0074_03_r90.jpg
4993,train,0074,3,gn,0074_03_gn.jpg
4994,train,0074,3,ba,0074_03_ba.jpg
4995,train,0074,4,hf,0074_04_hf.jpg
4996,train,0074,4,vf,0074_04_vf.jpg
4997,train,0074,4,r90,0074_04_r90.jpg
4998,train,0074,4,gn,0074_04_gn.jpg
4999,train,0074,4,ba,0074_04_ba.jpg
5000,train,0074,5,hf,0074_05_hf.jpg
5001,train,0074,5,vf,0074_05_vf.jpg
5002,train,0074,5,r90,0074_05_r90.jpg
5003,train,0074,5,gn,0074_05_gn.jpg
5004,train,0074,5,ba,0074_05_ba.jpg
5005,train,0074,6,hf,0074_06_hf.jpg
5006,train,0074,6,vf,0074_06_vf.jpg
5007,train,0074,6,r90,0074_06_r90.jpg
5008,train,0074,6,gn,0074_06_gn.jpg
5009,train,0074,6,ba,0074_06_ba.jpg
5010,train,0074,7,hf,0074_07_hf.jpg
5011,train,0074,7,vf,0074_07_vf.jpg
5012,train,0074,7,r90,0074_07_r90.jpg
5013,train,0074,7,gn,0074_07_gn.jpg
5014,train,0074,7,ba,0074_07_ba.jpg
5015,train,0074,8,hf,0074_08_hf.jpg
5016,train,0074,8,vf,0074_08_vf.jpg
5017,train,0074,8,r90,0074_08_r90.jpg
5018,train,0074,8,gn,0074_08_gn.jpg
5019,train,0074,8,ba,0074_08_ba.jpg
5020,train,0074,9,hf,0074_09_hf.jpg
5021,train,0074,9,vf,0074_09_vf.jpg
5022,train,0074,9,r90,0074_09_r90.jpg
5023,train,0074,9,gn,0074_09_gn.jpg
5024,train,0074,9,ba,0074_09_ba.jpg
5025,train,0074,10,hf,0074_10_hf.jpg
5026,train,0074,10,vf,0074_10_vf.jpg
5027,train,0074,10,r90,0074_10_r90.jpg
5028,train,0074,10,gn,0074_10_gn.jpg
5029,train,0074,10,ba,0074_10_ba.jpg
5030,train,0074,11,hf,0074_11_hf.jpg
5031,train,0074,11,vf,0074_11_vf.jpg
5032,train,0074,11,r90,0074_11_r90.jpg
5033,train,0074,11,gn,0074_11_gn.jpg
5034,train,0074,11,ba,0074_11_ba.jpg
5035,train,0074,12,hf,0074_12_hf.jpg
5036,train,0074,12,vf,0074_12_vf.jpg
5037,train,0074,12,r90,0074_12_r90.jpg
5038,train,0074,12,gn,0074_12_gn.jpg
5039,train,0074,12,ba,0074_12_ba.jpg
5040,train,0074,13,hf,0074_13_hf.jpg
5041,train,0074,13,vf,0074_13_vf.jpg
5042,train,0074,13,r90,0074_13_r90.jpg
5043,train,0074,13,gn,0074_13_gn.jpg
5044,train,0074,13,ba,0074_13_ba.jpg
5045,train,0074,14,hf,0074_14_hf.jpg
5046,train,0074,14,vf,0074_14_vf.jpg
5047,train,0074,14,r90,0074_14_r90.jpg
5048,train,0074,14,gn,0074_14_gn.jpg
5049,train,0074,14,ba,0074_14_ba.jpg
5050,train,0074,15,hf,0074_15_hf.jpg
5051,train,0074,15,vf,0074_15_vf.jpg
5052,train,0074,15,r90,0074_15_r90.jpg
5053,train,0074,15,gn,0074_15_gn.jpg
5054,train,0074,15,ba,0074_15_ba.jpg
5055,train,0074,16,hf,0074_16_hf.jpg
5056,train,0074,16,vf,0074_16_vf.jpg
5057,train,0074,16,r90,0074_16_r90.jpg
5058,train,0074,16,gn,0074_16_gn.jpg
5059,train,0074,16,ba,0074_16_ba.jpg
5060,train,0074,17,hf,0074_17_hf.jpg
5061,train,0074,17,vf,0074_17_vf.jpg
5062,train,0074,17,r90,0074_17_r90.jpg
5063,train,0074,17,gn,0074_17_gn.jpg
5064,train,0074,17,ba,0074_17_ba.jpg
5065,train,0074,18,hf,0074_18_hf.jpg
5066,train,0074,18,vf,0074_18_vf.jpg
5067,train,0074,18,r90,0074_18_r90.jpg
5068,train,0074,18,gn,0074_18_gn.jpg
5069,train,0074,18,ba,0074_18_ba.jpg
5070,train,0074,19,hf,0074_19_hf.jpg
5071,train,0074,19,vf,0074_19_vf.jpg
5072,train,0074,19,r90,0074_19_r90.jpg
5073,train,0074,19,gn,0074_19_gn.jpg
5074,train,0074,19,ba,0074_19_ba.jpg
5075,train,0074,20,hf,0074_20_hf.jpg
5076,train,0074,20,vf,0074_20_vf.jpg
5077,train,0074,20,r90,0074_20_r90.jpg
5078,train,0074,20,gn,0074_20_gn.jpg
5079,train,0074,20,ba,0074_20_ba.jpg
5080,train,0074,21,hf,0074_21_hf.jpg
5081,train,0074,21,vf,0074_21_vf.jpg
5082,train,0074,21,r90,0074_21_r90.jpg
5083,train,0074,21,gn,0074_21_gn.jpg
5084,train,0074,21,ba,0074_21_ba.jpg
5085,train,0074,22,hf,0074_22_hf.jpg
5086,train,0074,22,vf,0074_22_vf.jpg
5087,train,0074,22,r90,0074_22_r90.jpg
5088,train,0074,22,gn,0074_22_gn.jpg
5089,train,0074,22,ba,0074_22_ba.jpg
5090,train,0074,23,hf,0074_23_hf.jpg
5091,train,0074,23,vf,0074_23_vf.jpg
5092,train,0074,23,r90,0074_23_r90.jpg
5093,train,0074,23,gn,0074_23_gn.jpg
5094,train,0074,23,ba,0074_23_ba.jpg
5095,train,0074,24,hf,0074_24_hf.jpg
5096,train,0074,24,vf,0074_24_vf.jpg
5097,train,0074,24,r90,0074_24_r90.jpg
5098,train,0074,24,gn,0074_24_gn.jpg
5099,train,0074,24,ba,0074_24_ba.jpg
5100,train,0075,1,hf,0075_01_hf.jpg
5101,train,0075,1,vf,0075_01_vf.jpg
5102,train,0075,1,r90,0075_01_r90.jpg
5103,train,0075,1,gn,0075_01_gn.jpg
5104,train,0075,1,ba,0075_01_ba.jpg
5105,train,0075,2,hf,0075_02_hf.jpg
5106,train,0075,2,vf,0075_02_vf.jpg
5107,train,0075,2,r90,0075_02_r90.jpg
5108,train,0075,2,gn,0075_02_gn.jpg
5109,train,0075,2,ba,0075_02_ba.jpg
5110,train,0075,3,hf,0075_03_hf.jpg
5111,train,0075,3,vf,0075_03_vf.jpg
5112,train,0075,3,r90,0075_03_r90.jpg
5113,train,0075,3,gn,0075_03_gn.jpg
5114,train,0075,3,ba,0075_03_ba.jpg
5115,train,0075,4,hf,0075_04_hf.jpg
5116,train,0075,4,vf,0075_04_vf.jpg
5117,train,0075,4,r90,0075_04_r90.jpg
5118,train,0075,4,gn,0075_04_gn.jpg
5119,train,0075,4,ba,0075_04_ba.jpg
5120,train,0075,5,hf,0075_05_hf.jpg
5121,train,0075,5,vf,0075_05_vf.jpg
5122,train,0075,5,r90,0075_05_r90.jpg
5123,train,0075,5,gn,0075_05_gn.jpg
5124,train,0075,5,ba,0075_05_ba.jpg
5125,train,0075,6,hf,0075_06_hf.jpg
5126,train,0075,6,vf,0075_06_vf.jpg
5127,train,0075,6,r90,0075_06_r90.jpg
5128,train,0075,6,gn,0075_06_gn.jpg
5129,train,0075,6,ba,0075_06_ba.jpg
5130,train,0075,7,hf,0075_07_hf.jpg
5131,train,0075,7,vf,0075_07_vf.jpg
5132,train,0075,7,r90,0075_07_r90.jpg
5133,train,0075,7,gn,0075_07_gn.jpg
5134,train,0075,7,ba,0075_07_ba.jpg
5135,train,0075,8,hf,0075_08_hf.jpg
5136,train,0075,8,vf,0075_08_vf.jpg
5137,train,0075,8,r90,0075_08_r90.jpg
5138,train,0075,8,gn,0075_08_gn.jpg
5139,train,0075,8,ba,0075_08_ba.jpg
5140,train,0075,9,hf,0075_09_hf.jpg
5141,train,0075,9,vf,0075_09_vf.jpg
5142,train,0075,9,r90,0075_09_r90.jpg
5143,train,0075,9,gn,0075_09_gn.jpg
5144,train,0075,9,ba,0075_09_ba.jpg
5145,train,0075,10,hf,0075_10_hf.jpg
5146,train,0075,10,vf,0075_10_vf.jpg
5147,train,0075,10,r90,0075_10_r90.jpg
5148,train,0075,10,gn,0075_10_gn.jpg
5149,train,0075,10,ba,0075_10_ba.jpg
5150,train,0075,11,hf,0075_11_hf.jpg
5151,train,0075,11,vf,0075_11_vf.jpg
5152,train,0075,11,r90,0075_11_r90.jpg
5153,train,0075,11,gn,0075_11_gn.jpg
5154,train,0075,11,ba,0075_11_ba.jpg
5155,train,0075,12,hf,0075_12_hf.jpg
5156,train,0075,12,vf,0075_12_vf.jpg
5157,train,0075,12,r90,0075_12_r90.jpg
5158,train,0075,12,gn,0075_12_gn.jpg
5159,train,0075,12,ba,0075_12_ba.jpg
5160,train,0075,13,hf,0075_13_hf.jpg
5161,train,0075,13,vf,0075_13_vf.jpg
5162,train,0075,13,r90,0075_13_r90.jpg
5163,train,0075,13,gn,0075_13_gn.jpg
5164,train,0075,13,ba,0075_13_ba.jpg
5165,train,0075,14,hf,0075_14_hf.jpg
5166,train,0075,14,vf,0075_14_vf.jpg
5167,train,0075,14,r90,0075_14_r90.jpg
5168,train,0075,14,gn,0075_14_gn.jpg
5169,train,0075,14,ba,0075_14_ba.jpg
5170,train,0075,15,hf,0075_15_hf.jpg
5171,train,0075,15,vf,0075_15_vf.jpg
5172,train,0075,15,r90,0075_15_r90.jpg
5173,train,0075,15,gn,0075_15_gn.jpg
5174,train,0075,15,ba,0075_15_ba.jpg
5175,train,0075,16,hf,0075_16_hf.jpg
5176,train,0075,16,vf,0075_16_vf.jpg
5177,train,0075,16,r90,0075_16_r90.jpg
5178,train,0075,16,gn,0075_16_gn.jpg
5179,train,0075,16,ba,0075_16_ba.jpg
5180,train,0075,17,hf,0075_17_hf.jpg
5181,train,0075,17,vf,0075_17_vf.jpg
5182,train,0075,17,r90,0075_17_r90.jpg
5183,train,0075,17,gn,0075_17_gn.jpg
5184,train,0075,17,ba,0075_17_ba.jpg
5185,train,0075,18,hf,0075_18_hf.jpg
5186,train,0075,18,vf,0075_18_vf.jpg
5187,train,0075,18,r90,0075_18_r90.jpg
5188,train,0075,18,gn,0075_18_gn.jpg
5189,train,0075,18,ba,0075_18_ba.jpg
5190,train,0075,19,hf,0075_19_hf.jpg
5191,train,0075,19,vf,0075_19_vf.jpg
5192,train,0075,19,r90,0075_19_r90.jpg
5193,train,0075,19,gn,0075_19_gn.jpg
5194,train,0075,19,ba,0075_19_ba.jpg
5195,train,0075,20,hf,0075_20_hf.jpg
5196,train,0075,20,vf,0075_20_vf.jpg
5197,train,0075,20,r90,0075_20_r90.jpg
5198,train,0075,20,gn,0075_20_gn.jpg
5199,train,0075,20,ba,0075_20_ba.jpg
5200,train,0075,21,hf,0075_21_hf.jpg
5201,train,0075,21,vf,0075_21_vf.jpg
5202,train,0075,21,r90,0075_21_r90.jpg
5203,train,0075,21,gn,0075_21_gn.jpg
5204,train,0075,21,ba,0075_21_ba.jpg
5205,train,0075,22,hf,0075_22_hf.jpg
5206,train,0075,22,vf,0075_22_vf.jpg
5207,train,0075,22,r90,0075_22_r90.jpg
5208,train,0075,22,gn,0075_22_gn.jpg
5209,train,0075,22,ba,0075_22_ba.jpg
5210,train,0075,23,hf,0075_23_hf.jpg
5211,train,0075,23,vf,0075_23_vf.jpg
5212,train,0075,23,r90,0075_23_r90.jpg
5213,train,0075,23,gn,0075_23_gn.jpg
5214,train,0075,23,ba,0075_23_ba.jpg
5215,train,0075,24,hf,0075_24_hf.jpg
5216,train,0075,24,vf,0075_24_vf.jpg
5217,train,0075,24,r90,0075_24_r90.jpg
5218,train,0075,24,gn,0075_24_gn.jpg
5219,train,0075,24,ba,0075_24_ba.jpg
5220,train,0076,1,hf,0076_01_hf.jpg
5221,train,0076,1,vf,0076_01_vf.jpg
5222,train,0076,1,r90,0076_01_r90.jpg
5223,train,0076,1,gn,0076_01_gn.jpg
5224,train,0076,1,ba,0076_01_ba.jpg
5225,train,0076,2,hf,0076_02_hf.jpg
5226,train,0076,2,vf,0076_02_vf.jpg
5227,train,0076,2,r90,0076_02_r90.jpg
5228,train,0076,2,gn,0076_02_gn.jpg
5229,train,0076,2,ba,0076_02_ba.jpg
5230,train,0076,3,hf,0076_03_hf.jpg
5231,train,0076,3,vf,0076_03_vf.jpg
5232,train,0076,3,r90,0076_03_r90.jpg
5233,train,0076,3,gn,0076_03_gn.jpg
5234,train,0076,3,ba,0076_03_ba.jpg
5235,train,0076,4,hf,0076_04_hf.jpg
5236,train,0076,4,vf,0076_04_vf.jpg
5237,train,0076,4,r90,0076_04_r90.jpg
5238,train,0076,4,gn,0076_04_gn.jpg
5239,train,0076,4,ba,0076_04_ba.jpg
5240,train,0076,5,hf,0076_05_hf.jpg
5241,train,0076,5,vf,0076_05_vf.jpg
5242,train,0076,5,r90,0076_05_r90.jpg
5243,train,0076,5,gn,0076_05_gn.jpg
5244,train,0076,5,ba,0076_05_ba.jpg
5245,train,0076,6,hf,0076_06_hf.jpg
5246,train,0076,6,vf,0076_06_vf.jpg
5247,train,0076,6,r90,0076_06_r90.jpg
5248,train,0076,6,gn,0076_06_gn.jpg
5249,train,0076,6,ba,0076_06_ba.jpg
5250,train,0076,7,hf,0076_07_hf.jpg
5251,train,0076,7,vf,0076_07_vf.jpg
5252,train,0076,7,r90,0076_07_r90.jpg
5253,train,0076,7,gn,0076_07_gn.jpg
5254,train,0076,7,ba,0076_07_ba.jpg
5255,train,0076,8,hf,0076_08_hf.jpg
5256,train,0076,8,vf,0076_08_vf.jpg
5257,train,0076,8,r90,0076_08_r90.jpg
5258,train,0076,8,gn,0076_08_gn.jpg
5259,train,0076,8,ba,0076_08_ba.jpg
5260,train,0076,9,hf,0076_09_hf.jpg
5261,train,0076,9,vf,0076_09_vf.jpg
5262,train,0076,9,r90,0076_09_r90.jpg
5263,train,0076,9,gn,0076_09_gn.jpg
5264,train,0076,9,ba,0076_09_ba.jpg
5265,train,0076,10,hf,0076_10_hf.jpg
5266,train,0076,10,vf,0076_10_vf.jpg
5267,train,0076,10,r90,0076_10_r90.jpg
5268,train,0076,10,gn,0076_10_gn.jpg
5269,train,0076,10,ba,0076_10_ba.jpg
5270,train,0076,11,hf,0076_11_hf.jpg
5271,train,0076,11,vf,0076_11_vf.jpg
5272,train,0076,11,r90,0076_11_r90.jpg
5273,train,0076,11,gn,0076_11_gn.jpg
5274,train,0076,11,ba,0076_11_ba.jpg
5275,train,0076,12,hf,0076_12_hf.jpg
5276,train,0076,12,vf,0076_12_vf.jpg
5277,train,0076,12,r90,0076_12_r90.jpg
5278,train,0076,12,gn,0076_12_gn.jpg
5279,train,0076,12,ba,0076_12_ba.jpg
5280,train,0076,13,hf,0076_13_hf.jpg
5281,train,0076,13,vf,0076_13_vf.jpg
5282,train,0076,13,r90,0076_13_r90.jpg
5283,train,0076,13,gn,0076_13_gn.jpg
5284,train,0076,13,ba,0076_13_ba.jpg
5285,train,0076,14,hf,0076_14_hf.jpg
5286,train,0076,14,vf,0076_14_vf.jpg
5287,train,0076,14,r90,0076_14_r90.jpg
5288,train,0076,14,gn,0076_14_gn.jpg
5289,train,0076,14,ba,0076_14_ba.jpg
5290,train,0076,15,hf,0076_15_hf.jpg
5291,train,0076,15,vf,0076_15_vf.jpg
5292,train,0076,15,r90,0076_15_r90.jpg
5293,train,0076,15,gn,0076_15_gn.jpg
5294,train,0076,15,ba,0076_15_ba.jpg
5295,train,0076,16,hf,0076_16_hf.jpg
5296,train,0076,16,vf,0076_16_vf.jpg
5297,train,0076,16,r90,0076_16_r90.jpg
5298,train,0076,16,gn,0076_16_gn.jpg
5299,train,0076,16,ba,0076_16_ba.jpg
5300,train,0076,17,hf,0076_17_hf.jpg
5301,train,0076,17,vf,0076_17_vf.jpg
5302,train,0076,17,r90,0076_17_r90.jpg
5303,train,0076,17,gn,0076_17_gn.jpg
5304,train,0076,17,ba,0076_17_ba.jpg
5305,train,0076,18,hf,0076_18_hf.jpg
5306,train,0076,18,vf,0076_18_vf.jpg
5307,train,0076,18,r90,0076_18_r90.jpg
5308,train,0076,18,gn,0076_18_gn.jpg
5309,train,0076,18,ba,0076_18_ba.jpg
5310,train,0076,19,hf,0076_19_hf.jpg
5311,train,0076,19,vf,0076_19_vf.jpg
5312,train,0076,19,r90,0076_19_r90.jpg
5313,train,0076,19,gn,0076_19_gn.jpg
5314,train,0076,19,ba,0076_19_ba.jpg
5315,train,0076,20,hf,0076_20_hf.jpg
5316,train,0076,20,vf,0076_20_vf.jpg
5317,train,0076,20,r90,0076_20_r90.jpg
5318,train,0076,20,gn,0076_20_gn.jpg
5319,train,0076,20,ba,0076_20_ba.jpg
5320,train,0076,21,hf,0076_21_hf.jpg
5321,train,0076,21,vf,0076_21_vf.jpg
5322,train,0076,21,r90,0076_21_r90.jpg
5323,train,0076,21,gn,0076_21_gn.jpg
5324,train,0076,21,ba,0076_21_ba.jpg
5325,train,0076,22,hf,0076_22_hf.jpg
5326,train,0076,22,vf,0076_22_vf.jpg
5327,train,0076,22,r90,0076_22_r90.jpg
5328,train,0076,22,gn,0076_22_gn.jpg
5329,train,0076,22,ba,0076_22_ba.jpg
5330,train,0076,23,hf,0076_23_hf.jpg
5331,train,0076,23,vf,0076_23_vf.jpg
5332,train,0076,23,r90,0076_23_r90.jpg
5333,train,0076,23,gn,0076_23_gn.jpg
5334,train,0076,23,ba,0076_23_ba.jpg
5335,train,0076,24,hf,0076_24_hf.jpg
5336,train,0076,24,vf,0076_24_vf.jpg
5337,train,0076,24,r90,0076_24_r90.jpg
5338,train,0076,24,gn,0076_24_gn.jpg
5339,train,0076,24,ba,0076_24_ba.jpg
5340,train,0077,1,hf,0077_01_hf.jpg
5341,train,0077,1,vf,0077_01_vf.jpg
5342,train,0077,1,r90,0077_01_r90.jpg
5343,train,0077,1,gn,0077_01_gn.jpg
5344,train,0077,1,ba,0077_01_ba.jpg
5345,train,0077,2,hf,0077_02_hf.jpg
5346,train,0077,2,vf,0077_02_vf.jpg
5347,train,0077,2,r90,0077_02_r90.jpg
5348,train,0077,2,gn,0077_02_gn.jpg
5349,train,0077,2,ba,0077_02_ba.jpg
5350,train,0077,3,hf,0077_03_hf.jpg
5351,train,0077,3,vf,0077_03_vf.jpg
5352,train,0077,3,r90,0077_03_r90.jpg
5353,train,0077,3,gn,0077_03_gn.jpg
5354,train,0077,3,ba,0077_03_ba.jpg
5355,train,0077,4,hf,0077_04_hf.jpg
5356,train,0077,4,vf,0077_04_vf.jpg
5357,train,0077,4,r90,0077_04_r90.jpg
5358,train,0077,4,gn,0077_04_gn.jpg
5359,train,0077,4,ba,0077_04_ba.jpg
5360,train,0077,5,hf,0077_05_hf.jpg
5361,train,0077,5,vf,0077_05_vf.jpg
5362,train,0077,5,r90,0077_05_r90.jpg
5363,train,0077,5,gn,0077_05_gn.jpg
5364,train,0077,5,ba,0077_05_ba.jpg
5365,train,0077,6,hf,0077_06_hf.jpg
5366,train,0077,6,vf,0077_06_vf.jpg
5367,train,0077,6,r90,0077_06_r90.jpg
5368,train,0077,6,gn,0077_06_gn.jpg
5369,train,0077,6,ba,0077_06_ba.jpg
5370,train,0077,7,hf,0077_07_hf.jpg
5371,train,0077,7,vf,0077_07_vf.jpg
5372,train,0077,7,r90,0077_07_r90.jpg
5373,train,0077,7,gn,0077_07_gn.jpg
5374,train,0077,7,ba,0077_07_ba.jpg
5375,train,0077,8,hf,0077_08_hf.jpg
5376,train,0077,8,vf,0077_08_vf.jpg
5377,train,0077,8,r90,0077_08_r90.jpg
5378,train,0077,8,gn,0077_08_gn.jpg
5379,train,0077,8,ba,0077_08_ba.jpg
5380,train,0077,9,hf,0077_09_hf.jpg
5381,train,0077,9,vf,0077_09_vf.jpg
5382,train,0077,9,r90,0077_09_r90.jpg
5383,train,0077,9,gn,0077_09_gn.jpg
5384,train,0077,9,ba,0077_09_ba.jpg
5385,train,0077,10,hf,0077_10_hf.jpg
5386,train,0077,10,vf,0077_10_vf.jpg
5387,train,0077,10,r90,0077_10_r90.jpg
5388,train,0077,10,gn,0077_10_gn.jpg
5389,train,0077,10,ba,0077_10_ba.jpg
5390,train,0077,11,hf,0077_11_hf.jpg
5391,train,0077,11,vf,0077_11_vf.jpg
5392,train,0077,11,r90,0077_11_r90.jpg
5393,train,0077,11,gn,0077_11_gn.jpg
5394,train,0077,11,ba,0077_11_ba.jpg
5395,train,0077,12,hf,0077_12_hf.jpg
5396,train,0077,12,vf,0077_12_vf.jpg
5397,train,0077,12,r90,0077_12_r90.jpg
5398,train,0077,12,gn,0077_12_gn.jpg
5399,train,0077,12,ba,0077_12_ba.jpg
5400,train,0077,13,hf,0077_13_hf.jpg
5401,train,0077,13,vf,0077_13_vf.jpg
5402,train,0077,13,r90,0077_13_r90.jpg
5403,train,0077,13,gn,0077_13_gn.jpg
5404,train,0077,13,ba,0077_13_ba.jpg
5405,train,0077,14,hf,0077_14_hf.jpg
5406,train,0077,14,vf,0077_14_vf.jpg
5407,train,0077,14,r90,0077_14_r90.jpg
5408,train,0077,14,gn,0077_14_gn.jpg
5409,train,0077,14,ba,0077_14_ba.jpg
5410,train,0077,15,hf,0077_15_hf.jpg
5411,train,0077,15,vf,0077_15_vf.jpg
5412,train,0077,15,r90,0077_15_r90.jpg
5413,train,0077,15,gn,0077_15_gn.jpg
5414,train,0077,15,ba,0077_15_ba.jpg
5415,train,0077,16,hf,0077_16_hf.jpg
5416,train,0077,16,vf,0077_16_vf.jpg
5417,train,0077,16,r90,0077_16_r90.jpg
5418,train,0077,16,gn,0077_16_gn.jpg
5419,train,0077,16,ba,0077_16_ba.jpg
5420,train,0077,17,hf,0077_17_hf.jpg
5421,train,0077,17,vf,0077_17_vf.jpg
5422,train,0077,17,r90,0077_17_r90.jpg
5423,train,0077,17,gn,0077_17_gn.jpg
5424,train,0077,17,ba,0077_17_ba.jpg
5425,train,0077,18,hf,0077_18_hf.jpg
5426,train,0077,18,vf,0077_18_vf.jpg
5427,train,0077,18,r90,0077_18_r90.jpg
5428,train,0077,18,gn,0077_18_gn.jpg
5429,train,0077,18,ba,0077_18_ba.jpg
5430,train,0077,19,hf,0077_19_hf.jpg
5431,train,0077,19,vf,0077_19_vf.jpg
5432,train,0077,19,r90,0077_19_r90.jpg
5433,train,0077,19,gn,0077_19_gn.jpg
5434,train,0077,19,ba,0077_19_ba.jpg
5435,train,0077,20,hf,0077_20_hf.jpg
5436,train,0077,20,vf,0077_20_vf.jpg
5437,train,0077,20,r90,0077_20_r90.jpg
5438,train,0077,20,gn,0077_20_gn.jpg
5439,train,0077,20,ba,0077_20_ba.jpg
5440,train,0077,21,hf,0077_21_hf.jpg
5441,train,0077,21,vf,0077_21_vf.jpg
5442,train,0077,21,r90,0077_21_r90.jpg
5443,train,0077,21,gn,0077_21_gn.jpg
5444,train,0077,21,ba,0077_21_ba.jpg
5445,train,0077,22,hf,0077_22_hf.jpg
5446,train,0077,22,vf,0077_22_vf.jpg
5447,train,0077,22,r90,0077_22_r90.jpg
5448,train,0077,22,gn,0077_22_gn.jpg
5449,train,0077,22,ba,0077_22_ba.jpg
5450,train,0077,23,hf,0077_23_hf.jpg
5451,train,0077,23,vf,0077_23_vf.jpg
5452,train,0077,23,r90,0077_23_r90.jpg
5453,train,0077,23,gn,0077_23_gn.jpg
5454,train,0077,23,ba,0077_23_ba.jpg
5455,train,0077,24,hf,0077_24_hf.jpg
5456,train,0077,24,vf,0077_24_vf.jpg
5457,train,0077,24,r90,0077_24_r90.jpg
5458,train,0077,24,gn,0077_24_gn.jpg
5459,train,0077,24,ba,0077_24_ba.jpg
5460,train,0078,1,hf,0078_01_hf.jpg
5461,train,0078,1,vf,0078_01_vf.jpg
5462,train,0078,1,r90,0078_01_r90.jpg
5463,train,0078,1,gn,0078_01_gn.jpg
5464,train,0078,1,ba,0078_01_ba.jpg
5465,train,0078,2,hf,0078_02_hf.jpg
5466,train,0078,2,vf,0078_02_vf.jpg
5467,train,0078,2,r90,0078_02_r90.jpg
5468,train,0078,2,gn,0078_02_gn.jpg
5469,train,0078,2,ba,0078_02_ba.jpg
5470,train,0078,3,hf,0078_03_hf.jpg
5471,train,0078,3,vf,0078_03_vf.jpg
5472,train,0078,3,r90,0078_03_r90.jpg
5473,train,0078,3,gn,0078_03_gn.jpg
5474,train,0078,3,ba,0078_03_ba.jpg
5475,train,0078,4,hf,0078_04_hf.jpg
5476,train,0078,4,vf,0078_04_vf.jpg
5477,train,0078,4,r90,0078_04_r90.jpg
5478,train,0078,4,gn,0078_04_gn.jpg
5479,train,0078,4,ba,0078_04_ba.jpg
5480,train,0078,5,hf,0078_05_hf.jpg
5481,train,0078,5,vf,0078_05_vf.jpg
5482,train,0078,5,r90,0078_05_r90.jpg
5483,train,0078,5,gn,0078_05_gn.jpg
5484,train,0078,5,ba,0078_05_ba.jpg
5485,train,0078,6,hf,0078_06_hf.jpg
5486,train,0078,6,vf,0078_06_vf.jpg
5487,train,0078,6,r90,0078_06_r90.jpg
5488,train,0078,6,gn,0078_06_gn.jpg
5489,train,0078,6,ba,0078_06_ba.jpg
5490,train,0078,7,hf,0078_07_hf.jpg
5491,train,0078,7,vf,0078_07_vf.jpg
5492,train,0078,7,r90,0078_07_r90.jpg
5493,train,0078,7,gn,0078_07_gn.jpg
5494,train,0078,7,ba,0078_07_ba.jpg
5495,train,0078,8,hf,0078_08_hf.jpg
5496,train,0078,8,vf,0078_08_vf.jpg
5497,train,0078,8,r90,0078_08_r90.jpg
5498,train,0078,8,gn,0078_08_gn.jpg
5499,train,0078,8,ba,0078_08_ba.jpg
5500,train,0078,9,hf,0078_09_hf.jpg
5501,train,0078,9,vf,0078_09_vf.jpg
5502,train,0078,9,r90,0078_09_r90.jpg
5503,train,0078,9,gn,0078_09_gn.jpg
5504,train,0078,9,ba,0078_09_ba.jpg
5505,train,0078,10,hf,0078_10_hf.jpg
5506,train,0078,10,vf,0078_10_vf.jpg
5507,train,0078,10,r90,0078_10_r90.jpg
5508,train,0078,10,gn,0078_10_gn.jpg
5509,train,0078,10,ba,0078_10_ba.jpg
5510,train,0078,11,hf,0078_11_hf.jpg
5511,train,0078,11,vf,0078_11_vf.jpg
5512,train,0078,11,r90,0078_11_r90.jpg
5513,train,0078,11,gn,0078_11_gn.jpg
5514,train,0078,11,ba,0078_11_ba.jpg
5515,train,0078,12,hf,0078_12_hf.jpg
5516,train,0078,12,vf,0078_12_vf.jpg
5517,train,0078,12,r90,0078_12_r90.jpg
5518,train,0078,12,gn,0078_12_gn.jpg
5519,train,0078,12,ba,0078_12_ba.jpg
5520,train,0078,13,hf,0078_13_hf.jpg
5521,train,0078,13,vf,0078_13_vf.jpg
5522,train,0078,13,r90,0078_13_r90.jpg
5523,train,0078,13,gn,0078_13_gn.jpg
5524,train,0078,13,ba,0078_13_ba.jpg
5525,train,0078,14,hf,0078_14_hf.jpg
5526,train,0078,14,vf,0078_14_vf.jpg
5527,train,0078,14,r90,0078_14_r90.jpg
5528,train,0078,14,gn,0078_14_gn.jpg
5529,train,0078,14,ba,0078_14_ba.jpg
5530,train,0078,15,hf,0078_15_hf.jpg
5531,train,0078,15,vf,0078_15_vf.jpg
5532,train,0078,15,r90,0078_15_r90.jpg
5533,train,0078,15,gn,0078_15_gn.jpg
5534,train,0078,15,ba,0078_15_ba.jpg
5535,train,0078,16,hf,0078_16_hf.jpg
5536,train,0078,16,vf,0078_16_vf.jpg
5537,train,0078,16,r90,0078_16_r90.jpg
5538,train,0078,16,gn,0078_16_gn.jpg
5539,train,0078,16,ba,0078_16_ba.jpg
5540,train,0078,17,hf,0078_17_hf.jpg
5541,train,0078,17,vf,0078_17_vf.jpg
5542,train,0078,17,r90,0078_17_r90.jpg
5543,train,0078,17,gn,0078_17_gn.jpg
5544,train,0078,17,ba,0078_17_ba.jpg
5545,train,0078,18,hf,0078_18_hf.jpg
5546,train,0078,18,vf,0078_18_vf.jpg
5547,train,0078,18,r90,0078_18_r90.jpg
5548,train,0078,18,gn,0078_18_gn.jpg
5549,train,0078,18,ba,0078_18_ba.jpg
5550,train,0078,19,hf,0078_19_hf.jpg
5551,train,0078,19,vf,0078_19_vf.jpg
5552,train,0078,19,r90,0078_19_r90.jpg
5553,train,0078,19,gn,0078_19_gn.jpg
5554,train,0078,19,ba,0078_19_ba.jpg
5555,train,0078,20,hf,0078_20_hf.jpg
5556,train,0078,20,vf,0078_20_vf.jpg
5557,train,0078,20,r90,0078_20_r90.jpg
5558,train,0078,20,gn,0078_20_gn.jpg
5559,train,0078,20,ba,0078_20_ba.jpg
5560,train,0078,21,hf,0078_21_hf.jpg
5561,train,0078,21,vf,0078_21_vf.jpg
5562,train,0078,21,r90,0078_21_r90.jpg
5563,train,0078,21,gn,0078_21_gn.jpg
5564,train,0078,21,ba,0078_21_ba.jpg
5565,train,0078,22,hf,0078_22_hf.jpg
5566,train,0078,22,vf,0078_22_vf.jpg
5567,train,0078,22,r90,0078_22_r90.jpg
5568,train,0078,22,gn,0078_22_gn.jpg
5569,train,0078,22,ba,0078_22_ba.jpg
5570,train,0078,23,hf,0078_23_hf.jpg
5571,train,0078,23,vf,0078_23_vf.jpg
5572,train,0078,23,r90,0078_23_r90.jpg
5573,train,0078,23,gn,0078_23_gn.jpg
5574,train,0078,23,ba,0078_23_ba.jpg
5575,train,0079,1,hf,0079_01_hf.jpg
5576,train,0079,1,vf,0079_01_vf.jpg
5577,train,0079,1,r90,0079_01_r90.jpg
5578,train,0079,1,gn,0079_01_gn.jpg
5579,train,0079,1,ba,0079_01_ba.jpg
5580,train,0079,2,hf,0079_02_hf.jpg
5581,train,0079,2,vf,0079_02_vf.jpg
5582,train,0079,2,r90,0079_02_r90.jpg
5583,train,0079,2,gn,0079_02_gn.jpg
5584,train,0079,2,ba,0079_02_ba.jpg
5585,train,0079,3,hf,0079_03_hf.jpg
5586,train,0079,3,vf,0079_03_vf.jpg
5587,train,0079,3,r90,0079_03_r90.jpg
5588,train,0079,3,gn,0079_03_gn.jpg
5589,train,0079,3,ba,0079_03_ba.jpg
5590,train,0079,4,hf,0079_04_hf.jpg
5591,train,0079,4,vf,0079_04_vf.jpg
5592,train,0079,4,r90,0079_04_r90.jpg
5593,train,0079,4,gn,0079_04_gn.jpg
5594,train,0079,4,ba,0079_04_ba.jpg
5595,train,0079,5,hf,0079_05_hf.jpg
5596,train,0079,5,vf,0079_05_vf.jpg
5597,train,0079,5,r90,0079_05_r90.jpg
5598,train,0079,5,gn,0079_05_gn.jpg
5599,train,0079,5,ba,0079_05_ba.jpg
5600,train,0079,6,hf,0079_06_hf.jpg
5601,train,0079,6,vf,0079_06_vf.jpg
5602,train,0079,6,r90,0079_06_r90.jpg
5603,train,0079,6,gn,0079_06_gn.jpg
5604,train,0079,6,ba,0079_06_ba.jpg
5605,train,0079,7,hf,0079_07_hf.jpg
5606,train,0079,7,vf,0079_07_vf.jpg
5607,train,0079,7,r90,0079_07_r90.jpg
5608,train,0079,7,gn,0079_07_gn.jpg
5609,train,0079,7,ba,0079_07_ba.jpg
5610,train,0079,8,hf,0079_08_hf.jpg
5611,train,0079,8,vf,0079_08_vf.jpg
5612,train,0079,8,r90,0079_08_r90.jpg
5613,train,0079,8,gn,0079_08_gn.jpg
5614,train,0079,8,ba,0079_08_ba.jpg
5615,train,0079,9,hf,0079_09_hf.jpg
5616,train,0079,9,vf,0079_09_vf.jpg
5617,train,0079,9,r90,0079_09_r90.jpg
5618,train,0079,9,gn,0079_09_gn.jpg
5619,train,0079,9,ba,0079_09_ba.jpg
5620,train,0079,10,hf,0079_10_hf.jpg
5621,train,0079,10,vf,0079_10_vf.jpg
5622,train,0079,10,r90,0079_10_r90.jpg
5623,train,0079,10,gn,0079_10_gn.jpg
5624,train,0079,10,ba,0079_10_ba.jpg
5625,train,0079,11,hf,0079_11_hf.jpg
5626,train,0079,11,vf,0079_11_vf.jpg
5627,train,0079,11,r90,0079_11_r90.jpg
5628,train,0079,11,gn,0079_11_gn.jpg
5629,train,0079,11,ba,0079_11_ba.jpg
5630,train,0079,12,hf,0079_12_hf.jpg
5631,train,0079,12,vf,0079_12_vf.jpg
5632,train,0079,12,r90,0079_12_r90.jpg
5633,train,0079,12,gn,0079_12_gn.jpg
5634,train,0079,12,ba,0079_12_ba.jpg
5635,train,0079,13,hf,0079_13_hf.jpg
5636,train,0079,13,vf,0079_13_vf.jpg
5637,train,0079,13,r90,0079_13_r90.jpg
5638,train,0079,13,gn,0079_13_gn.jpg
5639,train,0079,13,ba,0079_13_ba.jpg
5640,train,0079,14,hf,0079_14_hf.jpg
5641,train,0079,14,vf,0079_14_vf.jpg
5642,train,0079,14,r90,0079_14_r90.jpg
5643,train,0079,14,gn,0079_14_gn.jpg
5644,train,0079,14,ba,0079_14_ba.jpg
5645,train,0079,15,hf,0079_15_hf.jpg
5646,train,0079,15,vf,0079_15_vf.jpg
5647,train,0079,15,r90,0079_15_r90.jpg
5648,train,0079,15,gn,0079_15_gn.jpg
5649,train,0079,15,ba,0079_15_ba.jpg
5650,train,0079,16,hf,0079_16_hf.jpg
5651,train,0079,16,vf,0079_16_vf.jpg
5652,train,0079,16,r90,0079_16_r90.jpg
5653,train,0079,16,gn,0079_16_gn.jpg
5654,train,0079,16,ba,0079_16_ba.jpg
5655,train,0079,17,hf,0079_17_hf.jpg
5656,train,0079,17,vf,0079_17_vf.jpg
5657,train,0079,17,r90,0079_17_r90.jpg
5658,train,0079,17,gn,0079_17_gn.jpg
5659,train,0079,17,ba,0079_17_ba.jpg
5660,train,0079,18,hf,0079_18_hf.jpg
5661,train,0079,18,vf,0079_18_vf.jpg
5662,train,0079,18,r90,0079_18_r90.jpg
5663,train,0079,18,gn,0079_18_gn.jpg
5664,train,0079,18,ba,0079_18_ba.jpg
5665,train,0079,19,hf,0079_19_hf.jpg
5666,train,0079,19,vf,0079_19_vf.jpg
5667,train,0079,19,r90,0079_19_r90.jpg
5668,train,0079,19,gn,0079_19_gn.jpg
5669,train,0079,19,ba,0079_19_ba.jpg
5670,train,0079,20,hf,0079_20_hf.jpg
5671,train,0079,20,vf,0079_20_vf.jpg
5672,train,0079,20,r90,0079_20_r90.jpg
5673,train,0079,20,gn,0079_20_gn.jpg
5674,train,0079,20,ba,0079_20_ba.jpg
5675,train,0079,21,hf,0079_21_hf.jpg
5676,train,0079,21,vf,0079_21_vf.jpg
5677,train,0079,21,r90,0079_21_r90.jpg
5678,train,0079,21,gn,0079_21_gn.jpg
5679,train,0079,21,ba,0079_21_ba.jpg
5680,train,0079,22,hf,0079_22_hf.jpg
5681,train,0079,22,vf,0079_22_vf.jpg
5682,train,0079,22,r90,0079_22_r90.jpg
5683,train,0079,22,gn,0079_22_gn.jpg
5684,train,0079,22,ba,0079_22_ba.jpg
5685,train,0079,23,hf,0079_23_hf.jpg
5686,train,0079,23,vf,0079_23_vf.jpg
5687,train,0079,23,r90,0079_23_r90.jpg
5688,train,0079,23,gn,0079_23_gn.jpg
5689,train,0079,23,ba,0079_23_ba.jpg
5690,train,0080,1,hf,0080_01_hf.jpg
5691,train,0080,1,vf,0080_01_vf.jpg
5692,train,0080,1,r90,0080_01_r90.jpg
5693,train,0080,1,gn,0080_01_gn.jpg
5694,train,0080,1,ba,0080_01_ba.jpg
5695,train,0080,2,hf,0080_02_hf.jpg
5696,train,0080,2,vf,0080_02_vf.jpg
5697,train,0080,2,r90,0080_02_r90.jpg
5698,train,0080,2,gn,0080_02_gn.jpg
5699,train,0080,2,ba,0080_02_ba.jpg
5700,train,0080,3,hf,0080_03_hf.jpg
5701,train,0080,3,vf,0080_03_vf.jpg
5702,train,0080,3,r90,0080_03_r90.jpg
5703,train,0080,3,gn,0080_03_gn.jpg
5704,train,0080,3,ba,0080_03_ba.jpg
5705,train,0080,4,hf,0080_04_hf.jpg
5706,train,0080,4,vf,0080_04_vf.jpg
5707,train,0080,4,r90,0080_04_r90.jpg
5708,train,0080,4,gn,0080_04_gn.jpg
5709,train,0080,4,ba,0080_04_ba.jpg
5710,train,0080,5,hf,0080_05_hf.jpg
5711,train,0080,5,vf,0080_05_vf.jpg
5712,train,0080,5,r90,0080_05_r90.jpg
5713,train,0080,5,gn,0080_05_gn.jpg
5714,train,0080,5,ba,0080_05_ba.jpg
5715,train,0080,6,hf,0080_06_hf.jpg
5716,train,0080,6,vf,0080_06_vf.jpg
5717,train,0080,6,r90,0080_06_r90.jpg
5718,train,0080,6,gn,0080_06_gn.jpg
5719,train,0080,6,ba,0080_06_ba.jpg
5720,train,0080,7,hf,0080_07_hf.jpg
5721,train,0080,7,vf,0080_07_vf.jpg
5722,train,0080,7,r90,0080_07_r90.jpg
5723,train,0080,7,gn,0080_07_gn.jpg
5724,train,0080,7,ba,0080_07_ba.jpg
5725,train,0080,8,hf,0080_08_hf.jpg
5726,train,0080,8,vf,0080_08_vf.jpg
5727,train,0080,8,r90,0080_08_r90.jpg
5728,train,0080,8,gn,0080_08_gn.jpg
5729,train,0080,8,ba,0080_08_ba.jpg
5730,train,0080,9,hf,0080_09_hf.jpg
5731,train,0080,9,vf,0080_09_vf.jpg
5732,train,0080,9,r90,0080_09_r90.jpg
5733,train,0080,9,gn,0080_09_gn.jpg
5734,train,0080,9,ba,0080_09_ba.jpg
5735,train,0080,10,hf,0080_10_hf.jpg
5736,train,0080,10,vf,0080_10_vf.jpg
5737,train,0080,10,r90,0080_10_r90.jpg
5738,train,0080,10,gn,0080_10_gn.jpg
5739,train,0080,10,ba,0080_10_ba.jpg
5740,train,0080,11,hf,0080_11_hf.jpg
5741,train,0080,11,vf,0080_11_vf.jpg
5742,train,0080,11,r90,0080_11_r90.jpg
5743,train,0080,11,gn,0080_11_gn.jpg
5744,train,0080,11,ba,0080_11_ba.jpg
5745,train,0080,12,hf,0080_12_hf.jpg
5746,train,0080,12,vf,0080_12_vf.jpg
5747,train,0080,12,r90,0080_12_r90.jpg
5748,train,0080,12,gn,0080_12_gn.jpg
5749,train,0080,12,ba,0080_12_ba.jpg
5750,train,0080,13,hf,0080_13_hf.jpg
5751,train,0080,13,vf,0080_13_vf.jpg
5752,train,0080,13,r90,0080_13_r90.jpg
5753,train,0080,13,gn,0080_13_gn.jpg
5754,train,0080,13,ba,0080_13_ba.jpg
5755,train,0080,14,hf,0080_14_hf.jpg
5756,train,0080,14,vf,0080_14_vf.jpg
5757,train,0080,14,r90,0080_14_r90.jpg
5758,train,0080,14,gn,0080_14_gn.jpg
5759,train,0080,14,ba,0080_14_ba.jpg
5760,train,0080,15,hf,0080_15_hf.jpg
5761,train,0080,15,vf,0080_15_vf.jpg
5762,train,0080,15,r90,0080_15_r90.jpg
5763,train,0080,15,gn,0080_15_gn.jpg
5764,train,0080,15,ba,0080_15_ba.jpg
5765,train,0080,16,hf,0080_16_hf.jpg
5766,train,0080,16,vf,0080_16_vf.jpg
5767,train,0080,16,r90,0080_16_r90.jpg
5768,train,0080,16,gn,0080_16_gn.jpg
5769,train,0080,16,ba,0080_16_ba.jpg
5770,train,0080,17,hf,0080_17_hf.jpg
5771,train,0080,17,vf,0080_17_vf.jpg
5772,train,0080,17,r90,0080_17_r90.jpg
5773,train,0080,17,gn,0080_17_gn.jpg
5774,train,0080,17,ba,0080_17_ba.jpg
5775,train,0080,18,hf,0080_18_hf.jpg
5776,train,0080,18,vf,0080_18_vf.jpg
5777,train,0080,18,r90,0080_18_r90.jpg
5778,train,0080,18,gn,0080_18_gn.jpg
5779,train,0080,18,ba,0080_18_ba.jpg
5780,train,0080,19,hf,0080_19_hf.jpg
5781,train,0080,19,vf,0080_19_vf.jpg
5782,train,0080,19,r90,0080_19_r90.jpg
5783,train,0080,19,gn,0080_19_gn.jpg
5784,train,0080,19,ba,0080_19_ba.jpg
5785,train,0080,20,hf,0080_20_hf.jpg
5786,train,0080,20,vf,0080_20_vf.jpg
5787,train,0080,20,r90,0080_20_r90.jpg
5788,train,0080,20,gn,0080_20_gn.jpg
5789,train,0080,20,ba,0080_20_ba.jpg
5790,train,0080,21,hf,0080_21_hf.jpg
5791,train,0080,21,vf,0080_21_vf.jpg
5792,train,0080,21,r90,0080_21_r90.jpg
5793,train,0080,21,gn,0080_21_gn.jpg
5794,train,0080,21,ba,0080_21_ba.jpg
5795,train,0080,22,hf,0080_22_hf.jpg
5796,train,0080,22,vf,0080_22_vf.jpg
5797,train,0080,22,r90,0080_22_r90.jpg
5798,train,0080,22,gn,0080_22_gn.jpg
5799,train,0080,22,ba,0080_22_ba.jpg
5800,train,0080,23,hf,0080_23_hf.jpg
5801,train,0080,23,vf,0080_23_vf.jpg
5802,train,0080,23,r90,0080_23_r90.jpg
5803,train,0080,23,gn,0080_23_gn.jpg
5804,train,0080,23,ba,0080_23_ba.jpg
5805,train,0081,1,hf,0081_01_hf.jpg
5806,train,0081,1,vf,0081_01_vf.jpg
5807,train,0081,1,r90,0081_01_r90.jpg
5808,train,0081,1,gn,0081_01_gn.jpg
5809,train,0081,1,ba,0081_01_ba.jpg
5810,train,0081,2,hf,0081_02_hf.jpg
5811,train,0081,2,vf,0081_02_vf.jpg
5812,train,0081,2,r90,0081_02_r90.jpg
5813,train,0081,2,gn,0081_02_gn.jpg
5814,train,0081,2,ba,0081_02_ba.jpg
5815,train,0081,3,hf,0081_03_hf.jpg
5816,train,0081,3,vf,0081_03_vf.jpg
5817,train,0081,3,r90,0081_03_r90.jpg
5818,train,0081,3,gn,0081_03_gn.jpg
5819,train,0081,3,ba,0081_03_ba.jpg
5820,train,0081,4,hf,0081_04_hf.jpg
5821,train,0081,4,vf,0081_04_vf.jpg
5822,train,0081,4,r90,0081_04_r90.jpg
5823,train,0081,4,gn,0081_04_gn.jpg
5824,train,0081,4,ba,0081_04_ba.jpg
5825,train,0081,5,hf,0081_05_hf.jpg
5826,train,0081,5,vf,0081_05_vf.jpg
5827,train,0081,5,r90,0081_05_r90.jpg
5828,train,0081,5,gn,0081_05_gn.jpg
5829,train,0081,5,ba,0081_05_ba.jpg
5830,train,0081,6,hf,0081_06_hf.jpg
5831,train,0081,6,vf,0081_06_vf.jpg
5832,train,0081,6,r90,0081_06_r90.jpg
5833,train,0081,6,gn,0081_06_gn.jpg
5834,train,0081,6,ba,0081_06_ba.jpg
5835,train,0081,7,hf,0081_07_hf.jpg
5836,train,0081,7,vf,0081_07_vf.jpg
5837,train,0081,7,r90,0081_07_r90.jpg
5838,train,0081,7,gn,0081_07_gn.jpg
5839,train,0081,7,ba,0081_07_ba.jpg
5840,train,0081,8,hf,0081_08_hf.jpg
5841,train,0081,8,vf,0081_08_vf.jpg
5842,train,0081,8,r90,0081_08_r90.jpg
5843,train,0081,8,gn,0081_08_gn.jpg
5844,train,0081,8,ba,0081_08_ba.jpg
5845,train,0081,9,hf,0081_09_hf.jpg
5846,train,0081,9,vf,0081_09_vf.jpg
5847,train,0081,9,r90,0081_09_r90.jpg
5848,train,0081,9,gn,0081_09_gn.jpg
5849,train,0081,9,ba,0081_09_ba.jpg
5850,train,0081,10,hf,0081_10_hf.jpg
5851,train,0081,10,vf,0081_10_vf.jpg
5852,train,0081,10,r90,0081_10_r90.jpg
5853,train,0081,10,gn,0081_10_gn.jpg
5854,train,0081,10,ba,0081_10_ba.jpg
5855,train,0081,11,hf,0081_11_hf.jpg
5856,train,0081,11,vf,0081_11_vf.jpg
5857,train,0081,11,r90,0081_11_r90.jpg
5858,train,0081,11,gn,0081_11_gn.jpg
5859,train,0081,11,ba,0081_11_ba.jpg
5860,train,0081,12,hf,0081_12_hf.jpg
5861,train,0081,12,vf,0081_12_vf.jpg
5862,train,0081,12,r90,0081_12_r90.jpg
5863,train,0081,12,gn,0081_12_gn.jpg
5864,train,0081,12,ba,0081_12_ba.jpg
5865,train,0081,13,hf,0081_13_hf.jpg
5866,train,0081,13,vf,0081_13_vf.jpg
5867,train,0081,13,r90,0081_13_r90.jpg
5868,train,0081,13,gn,0081_13_gn.jpg
5869,train,0081,13,ba,0081_13_ba.jpg
5870,train,0081,14,hf,0081_14_hf.jpg
5871,train,0081,14,vf,0081_14_vf.jpg
5872,train,0081,14,r90,0081_14_r90.jpg
5873,train,0081,14,gn,0081_14_gn.jpg
5874,train,0081,14,ba,0081_14_ba.jpg
5875,train,0081,15,hf,0081_15_hf.jpg
5876,train,0081,15,vf,0081_15_vf.jpg
5877,train,0081,15,r90,0081_15_r90.jpg
5878,train,0081,15,gn,0081_15_gn.jpg
5879,train,0081,15,ba,0081_15_ba.jpg
5880,train,0081,16,hf,0081_16_hf.jpg
5881,train,0081,16,vf,0081_16_vf.jpg
5882,train,0081,16,r90,0081_16_r90.jpg
5883,train,0081,16,gn,0081_16_gn.jpg
5884,train,0081,16,ba,0081_16_ba.jpg
5885,train,0081,17,hf,0081_17_hf.jpg
5886,train,0081,17,vf,0081_17_vf.jpg
5887,train,0081,17,r90,0081_17_r90.jpg
5888,train,0081,17,gn,0081_17_gn.jpg
5889,train,0081,17,ba,0081_17_ba.jpg
5890,train,0081,18,hf,0081_18_hf.jpg
5891,train,0081,18,vf,0081_18_vf.jpg
5892,train,0081,18,r90,0081_18_r90.jpg
5893,train,0081,18,gn,0081_18_gn.jpg
5894,train,0081,18,ba,0081_18_ba.jpg
5895,train,0081,19,hf,0081_19_hf.jpg
5896,train,0081,19,vf,0081_19_vf.jpg
5897,train,0081,19,r90,0081_19_r90.jpg
5898,train,0081,19,gn,0081_19_gn.jpg
5899,train,0081,19,ba,0081_19_ba.jpg
5900,train,0081,20,hf,0081_20_hf.jpg
5901,train,0081,20,vf,0081_20_vf.jpg
5902,train,0081,20,r90,0081_20_r90.jpg
5903,train,0081,20,gn,0081_20_gn.jpg
5904,train,0081,20,ba,0081_20_ba.jpg
5905,train,0081,21,hf,0081_21_hf.jpg
5906,train,0081,21,vf,0081_21_vf.jpg
5907,train,0081,21,r90,0081_21_r90.jpg
5908,train,0081,21,gn,0081_21_gn.jpg
5909,train,0081,21,ba,0081_21_ba.jpg
5910,train,0081,22,hf,0081_22_hf.jpg
5911,train,0081,22,vf,0081_22_vf.jpg
5912,train,0081,22,r90,0081_22_r90.jpg
5913,train,0081,22,gn,0081_22_gn.jpg
5914,train,0081,22,ba,0081_22_ba.jpg
5915,train,0081,23,hf,0081_23_hf.jpg
5916,train,0081,23,vf,0081_23_vf.jpg
5917,train,0081,23,r90,0081_23_r90.jpg
5918,train,0081,23,gn,0081_23_gn.jpg
5919,train,0081,23,ba,0081_23_ba.jpg
5920,train,0082,1,hf,0082_01_hf.jpg
5921,train,0082,1,vf,0082_01_vf.jpg
5922,train,0082,1,r90,0082_01_r90.jpg
5923,train,0082,1,gn,0082_01_gn.jpg
5924,train,0082,1,ba,0082_01_ba.jpg
5925,train,0082,2,hf,0082_02_hf.jpg
5926,train,0082,2,vf,0082_02_vf.jpg
5927,train,0082,2,r90,0082_02_r90.jpg
5928,train,0082,2,gn,0082_02_gn.jpg
5929,train,0082,2,ba,0082_02_ba.jpg
5930,train,0082,3,hf,0082_03_hf.jpg
5931,train,0082,3,vf,0082_03_vf.jpg
5932,train,0082,3,r90,0082_03_r90.jpg
5933,train,0082,3,gn,0082_03_gn.jpg
5934,train,0082,3,ba,0082_03_ba.jpg
5935,train,0082,4,hf,0082_04_hf.jpg
5936,train,0082,4,vf,0082_04_vf.jpg
5937,train,0082,4,r90,0082_04_r90.jpg
5938,train,0082,4,gn,0082_04_gn.jpg
5939,train,0082,4,ba,0082_04_ba.jpg
5940,train,0082,5,hf,0082_05_hf.jpg
5941,train,0082,5,vf,0082_05_vf.jpg
5942,train,0082,5,r90,0082_05_r90.jpg
5943,train,0082,5,gn,0082_05_gn.jpg
5944,train,0082,5,ba,0082_05_ba.jpg
5945,train,0082,6,hf,0082_06_hf.jpg
5946,train,0082,6,vf,0082_06_vf.jpg
5947,train,0082,6,r90,0082_06_r90.jpg
5948,train,0082,6,gn,0082_06_gn.jpg
5949,train,0082,6,ba,0082_06_ba.jpg
5950,train,0082,7,hf,0082_07_hf.jpg
5951,train,0082,7,vf,0082_07_vf.jpg
5952,train,0082,7,r90,0082_07_r90.jpg
5953,train,0082,7,gn,0082_07_gn.jpg
5954,train,0082,7,ba,0082_07_ba.jpg
5955,train,0082,8,hf,0082_08_hf.jpg
5956,train,0082,8,vf,0082_08_vf.jpg
5957,train,0082,8,r90,0082_08_r90.jpg
5958,train,0082,8,gn,0082_08_gn.jpg
5959,train,0082,8,ba,0082_08_ba.jpg
5960,train,0082,9,hf,0082_09_hf.jpg
5961,train,0082,9,vf,0082_09_vf.jpg
5962,train,0082,9,r90,0082_09_r90.jpg
5963,train,0082,9,gn,0082_09_gn.jpg
5964,train,0082,9,ba,0082_09_ba.jpg
5965,train,0082,10,hf,0082_10_hf.jpg
5966,train,0082,10,vf,0082_10_vf.jpg
5967,train,0082,10,r90,0082_10_r90.jpg
5968,train,0082,10,gn,0082_10_gn.jpg
5969,train,0082,10,ba,0082_10_ba.jpg
5970,train,0082,11,hf,0082_11_hf.jpg
5971,train,0082,11,vf,0082_11_vf.jpg
5972,train,0082,11,r90,0082_11_r90.jpg
5973,train,0082,11,gn,0082_11_gn.jpg
5974,train,0082,11,ba,0082_11_ba.jpg
5975,train,0082,12,hf,0082_12_hf.jpg
5976,train,0082,12,vf,0082_12_vf.jpg
5977,train,0082,12,r90,0082_12_r90.jpg
5978,train,0082,12,gn,0082_12_gn.jpg
5979,train,0082,12,ba,0082_12_ba.jpg
5980,train,0082,13,hf,0082_13_hf.jpg
5981,train,0082,13,vf,0082_13_vf.jpg
5982,train,0082,13,r90,0082_13_r90.jpg
5983,train,0082,13,gn,0082_13_gn.jpg
5984,train,0082,13,ba,0082_13_ba.jpg
5985,train,0082,14,hf,0082_14_hf.jpg
5986,train,0082,14,vf,0082_14_vf.jpg
5987,train,0082,14,r90,0082_14_r90.jpg
5988,train,0082,14,gn,0082_14_gn.jpg
5989,train,0082,14,ba,0082_14_ba.jpg
5990,train,0082,15,hf,0082_15_hf.jpg
5991,train,0082,15,vf,0082_15_vf.jpg
5992,train,0082,15,r90,0082_15_r90.jpg
5993,train,0082,15,gn,0082_15_gn.jpg
5994,train,0082,15,ba,0082_15_ba.jpg
5995,train,0082,16,hf,0082_16_hf.jpg
5996,train,0082,16,vf,0082_16_vf.jpg
5997,train,0082,16,r90,0082_16_r90.jpg
5998,train,0082,16,gn,0082_16_gn.jpg
5999,train,0082,16,ba,0082_16_ba.jpg
6000,train,0082,17,hf,0082_17_hf.jpg
6001,train,0082,17,vf,0082_17_vf.jpg
6002,train,0082,17,r90,0082_17_r90.jpg
6003,train,0082,17,gn,0082_17_gn.jpg
6004,train,0082,17,ba,0082_17_ba.jpg
6005,train,0082,18,hf,0082_18_hf.jpg
6006,train,0082,18,vf,0082_18_vf.jpg
6007,train,0082,18,r90,0082_18_r90.jpg
6008,train,0082,18,gn,0082_18_gn.jpg
6009,train,0082,18,ba,0082_18_ba.jpg
6010,train,0082,19,hf,0082_19_hf.jpg
6011,train,0082,19,vf,0082_19_vf.jpg
6012,train,0082,19,r90,0082_19_r90.jpg
6013,train,0082,19,gn,0082_19_gn.jpg
6014,train,0082,19,ba,0082_19_ba.jpg
6015,train,0082,20,hf,0082_20_hf.jpg
6016,train,0082,20,vf,0082_20_vf.jpg
6017,train,0082,20,r90,0082_20_r90.jpg
6018,train,0082,20,gn,0082_20_gn.jpg
6019,train,0082,20,ba,0082_20_ba.jpg
6020,train,0082,21,hf,0082_21_hf.jpg
6021,train,0082,21,vf,0082_21_vf.jpg
6022,train,0082,21,r90,0082_21_r90.jpg
6023,train,0082,21,gn,0082_21_gn.jpg
6024,train,0082,21,ba,0082_21_ba.jpg
6025,train,0082,22,hf,0082_22_hf.jpg
6026,train,0082,22,vf,0082_22_vf.jpg
6027,train,0082,22,r90,0082_22_r90.jpg
6028,train,0082,22,gn,0082_22_gn.jpg
6029,train,0082,22,ba,0082_22_ba.jpg
6030,train,0082,23,hf,0082_23_hf.jpg
6031,train,0082,23,vf,0082_23_vf.jpg
6032,train,0082,23,r90,0082_23_r90.jpg
6033,train,0082,23,gn,0082_23_gn.jpg
6034,train,0082,23,ba,0082_23_ba.jpg
6035,train,0083,1,hf,0083_01_hf.jpg
6036,train,0083,1,vf,0083_01_vf.jpg
6037,train,0083,1,r90,0083_01_r90.jpg
6038,train,0083,1,gn,0083_01_gn.jpg
6039,train,0083,1,ba,0083_01_ba.jpg
6040,train,0083,2,hf,0083_02_hf.jpg
6041,train,0083,2,vf,0083_02_vf.jpg
6042,train,0083,2,r90,0083_02_r90.jpg
6043,train,0083,2,gn,0083_02_gn.jpg
6044,train,0083,2,ba,0083_02_ba.jpg
6045,train,0083,3,hf,0083_03_hf.jpg
6046,train,0083,3,vf,0083_03_vf.jpg
6047,train,0083,3,r90,0083_03_r90.jpg
6048,train,0083,3,gn,0083_03_gn.jpg
6049,train,0083,3,ba,0083_03_ba.jpg
6050,train,0083,4,hf,0083_04_hf.jpg
6051,train,0083,4,vf,0083_04_vf.jpg
6052,train,0083,4,r90,0083_04_r90.jpg
6053,train,0083,4,gn,0083_04_gn.jpg
6054,train,0083,4,ba,0083_04_ba.jpg
6055,train,0083,5,hf,0083_05_hf.jpg
6056,train,0083,5,vf,0083_05_vf.jpg
6057,train,0083,5,r90,0083_05_r90.jpg
6058,train,0083,5,gn,0083_05_gn.jpg
6059,train,0083,5,ba,0083_05_ba.jpg
6060,train,0083,6,hf,0083_06_hf.jpg
6061,train,0083,6,vf,0083_06_vf.jpg
6062,train,0083,6,r90,0083_06_r90.jpg
6063,train,0083,6,gn,0083_06_gn.jpg
6064,train,0083,6,ba,0083_06_ba.jpg
6065,train,0083,7,hf,0083_07_hf.jpg
6066,train,0083,7,vf,0083_07_vf.jpg
6067,train,0083,7,r90,0083_07_r90.jpg
6068,train,0083,7,gn,0083_07_gn.jpg
6069,train,0083,7,ba,0083_07_ba.jpg
6070,train,0083,8,hf,0083_08_hf.jpg
6071,train,0083,8,vf,0083_08_vf.jpg
6072,train,0083,8,r90,0083_08_r90.jpg
6073,train,0083,8,gn,0083_08_gn.jpg
6074,train,0083,8,ba,0083_08_ba.jpg
6075,train,0083,9,hf,0083_09_hf.jpg
6076,train,0083,9,vf,0083_09_vf.jpg
6077,train,0083,9,r90,0083_09_r90.jpg
6078,train,0083,9,gn,0083_09_gn.jpg
6079,train,0083,9,ba,0083_09_ba.jpg
6080,train,0083,10,hf,0083_10_hf.jpg
6081,train,0083,10,vf,0083_10_vf.jpg
6082,train,0083,10,r90,0083_10_r90.jpg
6083,train,0083,10,gn,0083_10_gn.jpg
6084,train,0083,10,ba,0083_10_ba.jpg
6085,train,0083,11,hf,0083_11_hf.jpg
6086,train,0083,11,vf,0083_11_vf.jpg
6087,train,0083,11,r90,0083_11_r90.jpg
6088,train,0083,11,gn,0083_11_gn.jpg
6089,train,0083,11,ba,0083_11_ba.jpg
6090,train,0083,12,hf,0083_12_hf.jpg
6091,train,0083,12,vf,0083_12_vf.jpg
6092,train,0083,12,r90,0083_12_r90.jpg
6093,train,0083,12,gn,0083_12_gn.jpg
6094,train,0083,12,ba,0083_12_ba.jpg
6095,train,0083,13,hf,0083_13_hf.jpg
6096,train,0083,13,vf,0083_13_vf.jpg
6097,train,0083,13,r90,0083_13_r90.jpg
6098,train,0083,13,gn,0083_13_gn.jpg
6099,train,0083,13,ba,0083_13_ba.jpg
6100,train,0083,14,hf,0083_14_hf.jpg
6101,train,0083,14,vf,0083_14_vf.jpg
6102,train,0083,14,r90,0083_14_r90.jpg
6103,train,0083,14,gn,0083_14_gn.jpg
6104,train,0083,14,ba,0083_14_ba.jpg
6105,train,0083,15,hf,0083_15_hf.jpg
6106,train,0083,15,vf,0083_15_vf.jpg
6107,train,0083,15,r90,0083_15_r90.jpg
6108,train,0083,15,gn,0083_15_gn.jpg
6109,train,0083,15,ba,0083_15_ba.jpg
6110,train,0083,16,hf,0083_16_hf.jpg
6111,train,0083,16,vf,0083_16_vf.jpg
6112,train,0083,16,r90,0083_16_r90.jpg
6113,train,0083,16,gn,0083_16_gn.jpg
6114,train,0083,16,ba,0083_16_ba.jpg
6115,train,0083,17,hf,0083_17_hf.jpg
6116,train,0083,17,vf,0083_17_vf.jpg
6117,train,0083,17,r90,0083_17_r90.jpg
6118,train,0083,17,gn,0083_17_gn.jpg
6119,train,0083,17,ba,0083_17_ba.jpg
6120,train,0083,18,hf,0083_18_hf.jpg
6121,train,0083,18,vf,0083_18_vf.jpg
6122,train,0083,18,r90,0083_18_r90.jpg
6123,train,0083,18,gn,0083_18_gn.jpg
6124,train,0083,18,ba,0083_18_ba.jpg
6125,train,0083,19,hf,0083_19_hf.jpg
6126,train,0083,19,vf,0083_19_vf.jpg
6127,train,0083,19,r90,0083_19_r90.jpg
6128,train,0083,19,gn,0083_19_gn.jpg
6129,train,0083,19,ba,0083_19_ba.jpg
6130,train,0083,20,hf,0083_20_hf.jpg
6131,train,0083,20,vf,0083_20_vf.jpg
6132,train,0083,20,r90,0083_20_r90.jpg
6133,train,0083,20,gn,0083_20_gn.jpg
6134,train,0083,20,ba,0083_20_ba.jpg
6135,train,0083,21,hf,0083_21_hf.jpg
6136,train,0083,21,vf,0083_21_vf.jpg
6137,train,0083,21,r90,0083_21_r90.jpg
6138,train,0083,21,gn,0083_21_gn.jpg
6139,train,0083,21,ba,0083_21_ba.jpg
6140,train,0083,22,hf,0083_22_hf.jpg
6141,train,0083,22,vf,0083_22_vf.jpg
6142,train,0083,22,r90,0083_22_r90.jpg
6143,train,0083,22,gn,0083_22_gn.jpg
6144,train,0083,22,ba,0083_22_ba.jpg
6145,train,0083,23,hf,0083_23_hf.jpg
6146,train,0083,23,vf,0083_23_vf.jpg
6147,train,0083,23,r90,0083_23_r90.jpg
6148,train,0083,23,gn,0083_23_gn.jpg
6149,train,0083,23,ba,0083_23_ba.jpg
6150,train,0084,1,hf,0084_01_hf.jpg
6151,train,0084,1,vf,0084_01_vf.jpg
6152,train,0084,1,r90,0084_01_r90.jpg
6153,train,0084,1,gn,0084_01_gn.jpg
6154,train,0084,1,ba,0084_01_ba.jpg
6155,train,0084,2,hf,0084_02_hf.jpg
6156,train,0084,2,vf,0084_02_vf.jpg
6157,train,0084,2,r90,0084_02_r90.jpg
6158,train,0084,2,gn,0084_02_gn.jpg
6159,train,0084,2,ba,0084_02_ba.jpg
6160,train,0084,3,hf,0084_03_hf.jpg
6161,train,0084,3,vf,0084_03_vf.jpg
6162,train,0084,3,r90,0084_03_r90.jpg
6163,train,0084,3,gn,0084_03_gn.jpg
6164,train,0084,3,ba,0084_03_ba.jpg
6165,train,0084,4,hf,0084_04_hf.jpg
6166,train,0084,4,vf,0084_04_vf.jpg
6167,train,0084,4,r90,0084_04_r90.jpg
6168,train,0084,4,gn,0084_04_gn.jpg
6169,train,0084,4,ba,0084_04_ba.jpg
6170,train,0084,5,hf,0084_05_hf.jpg
6171,train,0084,5,vf,0084_05_vf.jpg
6172,train,0084,5,r90,0084_05_r90.jpg
6173,train,0084,5,gn,0084_05_gn.jpg
6174,train,0084,5,ba,0084_05_ba.jpg
6175,train,0084,6,hf,0084_06_hf.jpg
6176,train,0084,6,vf,0084_06_vf.jpg
6177,train,0084,6,r90,0084_06_r90.jpg
6178,train,0084,6,gn,0084_06_gn.jpg
6179,train,0084,6,ba,0084_06_ba.jpg
6180,train,0084,7,hf,0084_07_hf.jpg
6181,train,0084,7,vf,0084_07_vf.jpg
6182,train,0084,7,r90,0084_07_r90.jpg
6183,train,0084,7,gn,0084_07_gn.jpg
6184,train,0084,7,ba,0084_07_ba.jpg
6185,train,0084,8,hf,0084_08_hf.jpg
6186,train,0084,8,vf,0084_08_vf.jpg
6187,train,0084,8,r90,0084_08_r90.jpg
6188,train,0084,8,gn,0084_08_gn.jpg
6189,train,0084,8,ba,0084_08_ba.jpg
6190,train,0084,9,hf,0084_09_hf.jpg
6191,train,0084,9,vf,0084_09_vf.jpg
6192,train,0084,9,r90,0084_09_r90.jpg
6193,train,0084,9,gn,0084_09_gn.jpg
6194,train,0084,9,ba,0084_09_ba.jpg
6195,train,0084,10,hf,0084_10_hf.jpg
6196,train,0084,10,vf,0084_10_vf.jpg
6197,train,0084,10,r90,0084_10_r90.jpg
6198,train,0084,10,gn,0084_10_gn.jpg
6199,train,0084,10,ba,0084_10_ba.jpg
6200,train,0084,11,hf,0084_11_hf.jpg
6201,train,0084,11,vf,0084_11_vf.jpg
6202,train,0084,11,r90,0084_11_r90.jpg
6203,train,0084,11,gn,0084_11_gn.jpg
6204,train,0084,11,ba,0084_11_ba.jpg
6205,train,0084,12,hf,0084_12_hf.jpg
6206,train,0084,12,vf,0084_12_vf.jpg
6207,train,0084,12,r90,0084_12_r90.jpg
6208,train,0084,12,gn,0084_12_gn.jpg
6209,train,0084,12,ba,0084_12_ba.jpg
6210,train,0084,13,hf,0084_13_hf.jpg
6211,train,0084,13,vf,0084_13_vf.jpg
6212,train,0084,13,r90,0084_13_r90.jpg
6213,train,0084,13,gn,0084_13_gn.jpg
6214,train,0084,13,ba,0084_13_ba.jpg
6215,train,0084,14,hf,0084_14_hf.jpg
6216,train,0084,14,vf,0084_14_vf.jpg
6217,train,0084,14,r90,0084_14_r90.jpg
6218,train,0084,14,gn,0084_14_gn.jpg
6219,train,0084,14,ba,0084_14_ba.jpg
6220,train,0084,15,hf,0084_15_hf.jpg
6221,train,0084,15,vf,0084_15_vf.jpg
6222,train,0084,15,r90,0084_15_r90.jpg
6223,train,0084,15,gn,0084_15_gn.jpg
6224,train,0084,15,ba,0084_15_ba.jpg
6225,train,0084,16,hf,0084_16_hf.jpg
6226,train,0084,16,vf,0084_16_vf.jpg
6227,train,0084,16,r90,0084_16_r90.jpg
6228,train,0084,16,gn,0084_16_gn.jpg
6229,train,0084,16,ba,0084_16_ba.jpg
6230,train,0084,17,hf,0084_17_hf.jpg
6231,train,0084,17,vf,0084_17_vf.jpg
6232,train,0084,17,r90,0084_17_r90.jpg
6233,train,0084,17,gn,0084_17_gn.jpg
6234,train,0084,17,ba,0084_17_ba.jpg
6235,train,0084,18,hf,0084_18_hf.jpg
6236,train,0084,18,vf,0084_18_vf.jpg
6237,train,0084,18,r90,0084_18_r90.jpg
6238,train,0084,18,gn,0084_18_gn.jpg
6239,train,0084,18,ba,0084_18_ba.jpg
6240,train,0084,19,hf,0084_19_hf.jpg
6241,train,0084,19,vf,0084_19_vf.jpg
6242,train,0084,19,r90,0084_19_r90.jpg
6243,train,0084,19,gn,0084_19_gn.jpg
6244,train,0084,19,ba,0084_19_ba.jpg
6245,train,0084,20,hf,0084_20_hf.jpg
6246,train,0084,20,vf,0084_20_vf.jpg
6247,train,0084,20,r90,0084_20_r90.jpg
6248,train,0084,20,gn,0084_20_gn.jpg
6249,train,0084,20,ba,0084_20_ba.jpg
6250,train,0084,21,hf,0084_21_hf.jpg
6251,train,0084,21,vf,0084_21_vf.jpg
6252,train,0084,21,r90,0084_21_r90.jpg
6253,train,0084,21,gn,0084_21_gn.jpg
6254,train,0084,21,ba,0084_21_ba.jpg
6255,train,0084,22,hf,0084_22_hf.jpg
6256,train,0084,22,vf,0084_22_vf.jpg
6257,train,0084,22,r90,0084_22_r90.jpg
6258,train,0084,22,gn,0084_22_gn.jpg
6259,train,0084,22,ba,0084_22_ba.jpg
6260,train,0084,23,hf,0084_23_hf.jpg
6261,train,0084,23,vf,0084_23_vf.jpg
6262,train,0084,23,r90,0084_23_r90.jpg
6263,train,0084,23,gn,0084_23_gn.jpg
6264,train,0084,23,ba,0084_23_ba.jpg
6265,train,0085,1,hf,0085_01_hf.jpg
6266,train,0085,1,vf,0085_01_vf.jpg
6267,train,0085,1,r90,0085_01_r90.jpg
6268,train,0085,1,gn,0085_01_gn.jpg
6269,train,0085,1,ba,0085_01_ba.jpg
6270,train,0085,2,hf,0085_02_hf.jpg
6271,train,0085,2,vf,0085_02_vf.jpg
6272,train,0085,2,r90,0085_02_r90.jpg
6273,train,0085,2,gn,0085_02_gn.jpg
6274,train,0085,2,ba,0085_02_ba.jpg
6275,train,0085,3,hf,0085_03_hf.jpg
6276,train,0085,3,vf,0085_03_vf.jpg
6277,train,0085,3,r90,0085_03_r90.jpg
6278,train,0085,3,gn,0085_03_gn.jpg
6279,train,0085,3,ba,0085_03_ba.jpg
6280,train,0085,4,hf,0085_04_hf.jpg
6281,train,0085,4,vf,0085_04_vf.jpg
6282,train,0085,4,r90,0085_04_r90.jpg
6283,train,0085,4,gn,0085_04_gn.jpg
6284,train,0085,4,ba,0085_04_ba.jpg
6285,train,0085,5,hf,0085_05_hf.jpg
6286,train,0085,5,vf,0085_05_vf.jpg
6287,train,0085,5,r90,0085_05_r90.jpg
6288,train,0085,5,gn,0085_05_gn.jpg
6289,train,0085,5,ba,0085_05_ba.jpg
6290,train,0085,6,hf,0085_06_hf.jpg
6291,train,0085,6,vf,0085_06_vf.jpg
6292,train,0085,6,r90,0085_06_r90.jpg
6293,train,0085,6,gn,0085_06_gn.jpg
6294,train,0085,6,ba,0085_06_ba.jpg
6295,train,0085,7,hf,0085_07_hf.jpg
6296,train,0085,7,vf,0085_07_vf.jpg
6297,train,0085,7,r90,0085_07_r90.jpg
6298,train,0085,7,gn,0085_07_gn.jpg
6299,train,0085,7,ba,0085_07_ba.jpg
6300,train,0085,8,hf,0085_08_hf.jpg
6301,train,0085,8,vf,0085_08_vf.jpg
6302,train,0085,8,r90,0085_08_r90.jpg
6303,train,0085,8,gn,0085_08_gn.jpg
6304,train,0085,8,ba,0085_08_ba.jpg
6305,train,0085,9,hf,0085_09_hf.jpg
6306,train,0085,9,vf,0085_09_vf.jpg
6307,train,0085,9,r90,0085_09_r90.jpg
6308,train,0085,9,gn,0085_09_gn.jpg
6309,train,0085,9,ba,0085_09_ba.jpg
6310,train,0085,10,hf,0085_10_hf.jpg
6311,train,0085,10,vf,0085_10_vf.jpg
6312,train,0085,10,r90,0085_10_r90.jpg
6313,train,0085,10,gn,0085_10_gn.jpg
6314,train,0085,10,ba,0085_10_ba.jpg
6315,train,0085,11,hf,0085_11_hf.jpg
6316,train,0085,11,vf,0085_11_vf.jpg
6317,train,0085,11,r90,0085_11_r90.jpg
6318,train,0085,11,gn,0085_11_gn.jpg
6319,train,0085,11,ba,0085_11_ba.jpg
6320,train,0085,12,hf,0085_12_hf.jpg
6321,train,0085,12,vf,0085_12_vf.jpg
6322,train,0085,12,r90,0085_12_r90.jpg
6323,train,0085,12,gn,0085_12_gn.jpg
6324,train,0085,12,ba,0085_12_ba.jpg
6325,train,0085,13,hf,0085_13_hf.jpg
6326,train,0085,13,vf,0085_13_vf.jpg
6327,train,0085,13,r90,0085_13_r90.jpg
6328,train,0085,13,gn,0085_13_gn.jpg
6329,train,0085,13,ba,0085_13_ba.jpg
6330,train,0085,14,hf,0085_14_hf.jpg
6331,train,0085,14,vf,0085_14_vf.jpg
6332,train,0085,14,r90,0085_14_r90.jpg
6333,train,0085,14,gn,0085_14_gn.jpg
6334,train,0085,14,ba,0085_14_ba.jpg
6335,train,0085,15,hf,0085_15_hf.jpg
6336,train,0085,15,vf,0085_15_vf.jpg
6337,train,0085,15,r90,0085_15_r90.jpg
6338,train,0085,15,gn,0085_15_gn.jpg
6339,train,0085,15,ba,0085_15_ba.jpg
6340,train,0085,16,hf,0085_16_hf.jpg
6341,train,0085,16,vf,0085_16_vf.jpg
6342,train,0085,16,r90,0085_16_r90.jpg
6343,train,0085,16,gn,0085_16_gn.jpg
6344,train,0085,16,ba,0085_16_ba.jpg
6345,train,0085,17,hf,0085_17_hf.jpg
6346,train,0085,17,vf,0085_17_vf.jpg
6347,train,0085,17,r90,0085_17_r90.jpg
6348,train,0085,17,gn,0085_17_gn.jpg
6349,train,0085,17,ba,0085_17_ba.jpg
6350,train,0085,18,hf,0085_18_hf.jpg
6351,train,0085,18,vf,0085_18_vf.jpg
6352,train,0085,18,r90,0085_18_r90.jpg
6353,train,0085,18,gn,0085_18_gn.jpg
6354,train,0085,18,ba,0085_18_ba.jpg
6355,train,0085,19,hf,0085_19_hf.jpg
6356,train,0085,19,vf,0085_19_vf.jpg
6357,train,0085,19,r90,0085_19_r90.jpg
6358,train,0085,19,gn,0085_19_gn.jpg
6359,train,0085,19,ba,0085_19_ba.jpg
6360,train,0085,20,hf,0085_20_hf.jpg
6361,train,0085,20,vf,0085_20_vf.jpg
6362,train,0085,20,r90,0085_20_r90.jpg
6363,train,0085,20,gn,0085_20_gn.jpg
6364,train,0085,20,ba,0085_20_ba.jpg
6365,train,0085,21,hf,0085_21_hf.jpg
6366,train,0085,21,vf,0085_21_vf.jpg
6367,train,0085,21,r90,0085_21_r90.jpg
6368,train,0085,21,gn,0085_21_gn.jpg
6369,train,0085,21,ba,0085_21_ba.jpg
6370,train,0085,22,hf,0085_22_hf.jpg
6371,train,0085,22,vf,0085_22_vf.jpg
6372,train,0085,22,r90,0085_22_r90.jpg
6373,train,0085,22,gn,0085_22_gn.jpg
6374,train,0085,22,ba,0085_22_ba.jpg
6375,train,0085,23,hf,0085_23_hf.jpg
6376,train,0085,23,vf,0085_23_vf.jpg
6377,train,0085,23,r90,0085_23_r90.jpg
6378,train,0085,23,gn,0085_23_gn.jpg
6379,train,0085,23,ba,0085_23_ba.jpg
